gid,geometry,경도,위도,여성인구비율,cctv개수,가로등개수,경찰서접근성,총점
다사51a19a,"MULTIPOLYGON (((126.9473422052434 37.26861978858065, 126.9473092625384 37.27312658675866, 126.9529487280391 37.27315278165588, 126.9529813346492 37.26864597922929, 126.9473422052434 37.26861978858065)))",126.9501454,37.27088631,0.236652083,0,0.078651685,0.974799123,1.132799521
다사51a20a,"MULTIPOLYGON (((126.9472763125004 37.27763338147228, 126.9472433551278 37.28214017272137, 126.9528834930428 37.28216637611725, 126.9529161141709 37.27765958061858, 126.9472763125004 37.27763338147228)))",126.9500798,37.2798999,0.228014428,0,0.033707865,0.905186267,1.09949283
다사59a21a,"MULTIPOLYGON (((127.0374588078356 37.28703403084769, 127.0374312182906 37.29154087794573, 127.0430721361727 37.29156278883411, 127.0430993892984 37.28705593818292, 127.0374588078356 37.28703403084769)))",127.0402654,37.28929843,1,0,0.082397004,0.101241782,1.018844779
다사58b23b,"MULTIPOLYGON (((127.0316785405179 37.30954603766033, 127.0316505834574 37.31405286386989, 127.0372931784109 37.31407506156854, 127.0373207986789 37.30956823176013, 127.0316785405179 37.30954603766033)))",127.0344858,37.31181057,0.235468539,0,0.071161049,0.80642805,0.97073554
다사62a21b,"MULTIPOLYGON (((127.0712768150881 37.29166831094096, 127.0712512383876 37.2961751752488, 127.0768925280499 37.29619547648905, 127.0769177682479 37.29168860888922, 127.0712768150881 37.29166831094096)))",127.0740846,37.29393192,0.227001185,0,0.123595506,0.694448503,0.797854182
다사54a24b,"MULTIPOLYGON (((126.9808365229234 37.31834776640827, 126.9808055209992 37.32285455133965, 126.9864487310212 37.32287917832451, 126.9864793960167 37.31837238940081, 126.9808365229234 37.31834776640827)))",126.9836425,37.32061349,0.374428736,0,0.063670412,0.332578524,0.643336849
다사57a26a,"MULTIPOLYGON (((127.0146069020204 37.33201188255614, 127.0145779023321 37.33651868040544, 127.0202221634543 37.33654170386848, 127.0202508259795 37.33203490228728, 127.0146069020204 37.33201188255614)))",127.0174144,37.33427681,0.173097407,0,0.041198502,0.476771366,0.608670272
다사54a18a,"MULTIPOLYGON (((126.981238920604 37.2597592472233, 126.981208008257 37.26426607716173, 126.9868468440496 37.26429065228294, 126.9868774204413 37.25978381835828, 126.981238920604 37.2597592472233)))",126.9840428,37.26202497,0.465410108,0,0.041198502,0.166106647,0.590318254
다사61b21a,"MULTIPOLYGON (((127.065661775055 37.28714087973933, 127.0656358676206 37.29164774416718, 127.0712768150881 37.29166831094096, 127.0713023860962 37.28716144317791, 127.065661775055 37.28714087973933)))",127.0684692,37.28940462,0.529778478,0,0.176029963,0.165376187,0.519124702
다사61a21b,"MULTIPOLYGON (((127.0599949259205 37.29162690856875, 127.0599686762191 37.29613376616183, 127.065609954419 37.29615460513945, 127.0656358676206 37.29164774416718, 127.0599949259205 37.29162690856875)))",127.0628024,37.29389078,0.240998665,0,0,0.275748722,0.516747386
다사53a15a,"MULTIPOLYGON (((126.9701512996108 37.23266829572981, 126.9701197575063 37.23717513833462, 126.9757565648711 37.2372002261202, 126.9757877714718 37.2326933794449, 126.9701512996108 37.23266829572981)))",126.9729538,37.23493428,0.274783718,0,0.018726592,0.250693937,0.506751063
다사57a25a,"MULTIPOLYGON (((127.0146648820339 37.32299827647559, 127.0146358952538 37.32750508124614, 127.0202794821248 37.32752809724585, 127.0203081318919 37.32302128874426, 127.0146648820339 37.32299827647559)))",127.0174721,37.32526321,0.214922755,0,0.078651685,0.369978086,0.506249156
다사51a17b,"MULTIPOLYGON (((126.9474409893779 37.25509937326179, 126.9474080686615 37.25960618183205, 126.9530465261017 37.25963236398506, 126.9530791109476 37.25512555116772, 126.9474409893779 37.25509937326179)))",126.9502437,37.25736589,0.243349691,0,0.037453184,0.216070124,0.421966631
다사62a21a,"MULTIPOLYGON (((127.0713023860962 37.28716144317791, 127.0712768150881 37.29166831094096, 127.0769177682479 37.29168860888922, 127.0769430028284 37.28718173783459, 127.0713023860962 37.28716144317791)))",127.07411,37.28942505,0.282403212,0,0.033707865,0.159021183,0.40771653
다사53a16b,"MULTIPOLYGON (((126.9700566522338 37.24618881316048, 126.9700250890626 37.25069564538121, 126.9756629033867 37.25072074538111, 126.9756941308301 37.24621390908845, 126.9700566522338 37.24618881316048)))",126.9728597,37.2484548,0.410107705,0,0.112359551,0.092914536,0.390662691
다사50a18a,"MULTIPOLYGON (((126.9361311758391 37.25955301202929, 126.9360975759093 37.26405980850981, 126.9417363545611 37.26408653199498, 126.941769618549 37.25957973117976, 126.9361311758391 37.25955301202929)))",126.9389337,37.26181979,0.203645401,0,0.02247191,0.203944485,0.385117976
다사52a16b,"MULTIPOLYGON (((126.9587817161874 37.24613781618688, 126.9587494815655 37.25064464013316, 126.9643872817639 37.25067027696488, 126.9644191806613 37.2461634488596, 126.9587817161874 37.24613781618688)))",126.9615844,37.24840407,0.237639195,0,0.059925094,0.195836377,0.373550478
다사59b17a,"MULTIPOLYGON (((127.0433171960677 37.25100100853199, 127.0432899914257 37.25550788683542, 127.048928226104 37.25552950083775, 127.0489550949237 37.25102261902805, 127.0433171960677 37.25100100853199)))",127.0461226,37.25326528,0.271673304,0,0.082397004,0.1706355,0.359911801
다사61a20b,"MULTIPOLYGON (((127.0600474077982 37.28261318301475, 127.0600211697797 37.28712004751966, 127.065661775055 37.28714087973933, 127.0656876767234 37.28263401185603, 127.0600474077982 37.28261318301475)))",127.0628545,37.28487705,0.262189386,0,0.082397004,0.178451424,0.358243806
다사60b20a,"MULTIPOLYGON (((127.0544337131652 37.27808522089782, 127.0544071447124 37.28259208543686, 127.0600474077982 37.28261318301475, 127.0600736399772 37.27810631505416, 127.0544337131652 37.27808522089782)))",127.0572405,37.28034922,0.236387034,0,0.052434457,0.171219869,0.355172445
다사63a21b,"MULTIPOLYGON (((127.0825587270253 37.29170863801114, 127.082533823331 37.29621550885935, 127.0881751241561 37.29623527235888, 127.0881996913453 37.29172839830587, 127.0825587270253 37.29170863801114)))",127.0853668,37.29397198,0.248671051,0,0.138576779,0.243608473,0.353702746
다사49b19a,"MULTIPOLYGON (((126.9304248613127 37.26853960512064, 126.9303909103332 37.27304639029154, 126.9360303536106 37.2730733910754, 126.9360639685004 37.26856660152522, 126.9304248613127 37.26853960512064)))",126.9332275,37.27080652,0.207526272,0,0.026217228,0.166983199,0.348292243
다사52a15b,"MULTIPOLYGON (((126.9588461639131 37.23712415790702, 126.9588139436361 37.2416309887781, 126.9644510724601 37.24165661729232, 126.9644829571621 37.23714978226322, 126.9588461639131 37.23712415790702)))",126.9616485,37.23939041,0.234508324,0,0.187265918,0.289116143,0.33635855
다사57a25b,"MULTIPOLYGON (((127.0146358952538 37.32750508124614, 127.0146069020204 37.33201188255614, 127.0202508259795 37.33203490228728, 127.0202794821248 37.32752809724585, 127.0146358952538 37.32750508124614)))",127.0174433,37.32977001,0,0,0.063670412,0.4,0.336329588
다사57b22b,"MULTIPOLYGON (((127.0204512851048 37.30048719433998, 127.0204226672069 37.30499402013986, 127.0260645761335 37.3050167485406, 127.0260928573917 37.30050991905549, 127.0204512851048 37.30048719433998)))",127.0232578,37.30275199,0.213251446,0,0.014981273,0.134550767,0.332820939
다사59b22b,"MULTIPOLYGON (((127.0430176117194 37.30057647976471, 127.0429903403889 37.30508332004382, 127.0486322740495 37.30510497264218, 127.0486592087345 37.30059812885228, 127.0430176117194 37.30057647976471)))",127.0458249,37.30284075,0.268496531,0,0.936329588,1,0.332166943
다사50b20a,"MULTIPOLYGON (((126.9416365181646 37.27760691365246, 126.9416032245492 37.28211370060839, 126.9472433551278 37.28214017272137, 126.9472763125004 37.27763338147228, 126.9416365181646 37.27760691365246)))",126.9444399,37.27987356,0.277381939,0,0.082397004,0.135354273,0.330339208
다사52a20b,"MULTIPOLYGON (((126.9585236382193 37.28219231079488, 126.9584913461508 37.28669910703584, 126.9641318348368 37.28672477715713, 126.9641637905825 37.28221797675327, 126.9585236382193 37.28219231079488)))",126.9613277,37.28445857,0.214922755,0,0.04494382,0.151497443,0.321476378
다사56a23b,"MULTIPOLYGON (((127.0034673445484 37.3094310322737, 127.0034377035476 37.31393783983476, 127.009080266632 37.31396138271089, 127.0091095708478 37.30945457133289, 127.0034673445484 37.3094310322737)))",127.0062737,37.31169623,0.202581164,0,0.059925094,0.173411249,0.316067319
다사59a15b,"MULTIPOLYGON (((127.0377618878872 37.23745848460905, 127.0377343658065 37.24196536973101, 127.0433715871909 37.24198724155773, 127.0433987736748 37.23748035288719, 127.0377618878872 37.23745848460905)))",127.0405667,37.23972288,0.23967792,0,0.134831461,0.195105917,0.299952376
다사58b21a,"MULTIPOLYGON (((127.0318182325131 37.28701185473579, 127.0317903065502 37.29151869823709, 127.0374312182906 37.29154087794573, 127.0374588078356 37.28703403084769, 127.0318182325131 37.28701185473579)))",127.0346246,37.28927639,0.277938441,0,0.08988764,0.107012418,0.295063218
다사53b15a,"MULTIPOLYGON (((126.9757877714718 37.2326933794449, 126.9757565648711 37.2372002261202, 126.9813933791818 37.23722504561891, 126.9814242502772 37.23271819491667, 126.9757877714718 37.2326933794449)))",126.9785905,37.23495923,0.280873241,0,0.232209738,0.239883126,0.28854663
다사58b15b,"MULTIPOLYGON (((127.0321250082242 37.23743634803338, 127.0320971505482 37.24194322956325, 127.0377343658065 37.24196536973101, 127.0377618878872 37.23745848460905, 127.0321250082242 37.23743634803338)))",127.0349296,37.23970088,0.195615957,0,0.157303371,0.249890431,0.288203017
다사50a18b,"MULTIPOLYGON (((126.9360975759093 37.26405980850981, 126.9360639685004 37.26856660152522, 126.9417030831689 37.26859332934559, 126.9417363545611 37.26408653199498, 126.9360975759093 37.26405980850981)))",126.9389002,37.26632659,0.208561171,0,0.093632959,0.17100073,0.285928942
다사54a18b,"MULTIPOLYGON (((126.981208008257 37.26426607716173, 126.9811770890291 37.268772903639, 126.9868162608518 37.26879748274692, 126.9868468440496 37.26429065228294, 126.981208008257 37.26426607716173)))",126.9840121,37.2665318,0.214922755,0,0.056179775,0.126734843,0.285477823
다사56b20a,"MULTIPOLYGON (((127.0093145178206 37.27790679480432, 127.0092852592285 37.2824136304019, 127.0149254729041 37.28243687784055, 127.0149543952338 37.27793003847275, 127.0093145178206 37.27790679480432)))",127.0121199,37.28017186,0.16981067,0,0.011235955,0.126296567,0.284871282
다사58b22a,"MULTIPOLYGON (((127.0317623743707 37.29602553828035, 127.0317344359731 37.30053237486541, 127.0373760207739 37.30055456176879, 127.0374036226038 37.29604772158615, 127.0317623743707 37.29602553828035)))",127.0345691,37.29829007,0.161640039,0,0.041198502,0.163330898,0.283772435
다사51b18a,"MULTIPOLYGON (((126.9530465261017 37.25963236398506, 126.9530139340029 37.26413917333898, 126.9586527346433 37.26416509119561, 126.9586849907951 37.25965827763768, 126.9530465261017 37.25963236398506)))",126.9558495,37.26189875,0.204920844,0,0.329588015,0.405770636,0.281103465
다사51a22a,"MULTIPOLYGON (((126.9471444389847 37.29566052567984, 126.9471114522562 37.30016730306922, 126.952752935898 37.30019352346835, 126.9527855860825 37.2956867418274, 126.9471444389847 37.29566052567984)))",126.9499486,37.29792705,0.248895148,0,0.108614232,0.140248356,0.280529273
다사52a17a,"MULTIPOLYGON (((126.9587494815655 37.25064464013316, 126.9587172397686 37.25515146061682, 126.9643553757663 37.25517710160803, 126.9643872817639 37.25067027696488, 126.9587494815655 37.25064464013316)))",126.9615523,37.25291089,0.250092528,0,0.101123596,0.127757487,0.27672642
다사55b24a,"MULTIPOLYGON (((126.997795147062 37.31391402792602, 126.9977651626041 37.3184208281651, 127.0034080559481 37.31844464393484, 127.0034377035476 37.31393783983476, 126.997795147062 37.31391402792602)))",127.0006015,37.31617936,0.157296722,0,0.033707865,0.138860482,0.262449339
다사58a23b,"MULTIPOLYGON (((127.0260362885793 37.30952357456677, 127.0260079947278 37.31403039713386, 127.0316505834574 37.31405286386989, 127.0316785405179 37.30954603766033, 127.0260362885793 37.30952357456677)))",127.0288434,37.31178824,0.060829372,0,0.007490637,0.206135866,0.259474601
다사52a22a,"MULTIPOLYGON (((126.9584267404469 37.29571268912601, 126.9583944268082 37.30021947497492, 126.9640359249117 37.30024515758785, 126.964067902003 37.29573836757456, 126.9584267404469 37.29571268912601)))",126.9612312,37.29797894,0.229177727,0,0.123595506,0.150766983,0.256349205
다사55b23b,"MULTIPOLYGON (((126.9978251248463 37.30940722422549, 126.997795147062 37.31391402792602, 127.0034377035476 37.31393783983476, 127.0034673445484 37.3094310322737, 126.9978251248463 37.30940722422549)))",127.0006313,37.31167255,0.209055657,0,0.093632959,0.140759679,0.256182376
다사60a18a,"MULTIPOLYGON (((127.0489013513036 37.26003637919184, 127.0488744705209 37.26454325409021, 127.0545133830516 37.2645646065457, 127.054539927861 37.26005772818382, 127.0489013513036 37.26003637919184)))",127.0517073,37.26230051,0.283786935,0,0.172284644,0.143462381,0.254964672
다사56b19b,"MULTIPOLYGON (((127.0093437699011 37.27339995574739, 127.0093145178206 37.27790679480432, 127.0149543952338 37.27793003847275, 127.0149833111269 37.27342319564606, 127.0093437699011 37.27339995574739)))",127.012149,37.27566502,0.21911209,0,0.052434457,0.085025566,0.251703199
다사52a20a,"MULTIPOLYGON (((126.9585559231012 37.27768551109024, 126.9585236382193 37.28219231079488, 126.9641637905825 37.28221797675327, 126.9641957392165 37.27771117288621, 126.9585559231012 37.27768551109024)))",126.9613598,37.27995177,0.092720003,0,0.011235955,0.16274653,0.244230578
다사61b17a,"MULTIPOLYGON (((127.065868827069 37.25108583993325, 127.0658429657244 37.25559273200041, 127.0714812238773 37.25561327210365, 127.071506749394 37.25110637670441, 127.065868827069 37.25108583993325)))",127.0686749,37.25334958,0.276099239,0,0.194756554,0.159751644,0.241094328
다사49b19b,"MULTIPOLYGON (((126.9303909103332 37.27304639029154, 126.9303569517964 37.27755317199652, 126.9359967312384 37.27758017716017, 126.9360303536106 37.2730733910754, 126.9303909103332 37.27304639029154)))",126.9331937,37.27531331,0.245994088,0,0.157303371,0.151789627,0.240480345
다사56a16b,"MULTIPOLYGON (((127.0038816265553 37.24633536309904, 127.0038520777751 37.25084221909812, 127.0094899326831 37.25086570857804, 127.0095191457261 37.2463588487683, 127.0038816265553 37.24633536309904)))",127.0066857,37.24860056,0.116502222,0,0.018726592,0.139225712,0.237001343
다사54a19a,"MULTIPOLYGON (((126.9811770890291 37.268772903639, 126.9811461629187 37.27327972665495, 126.9867856708462 37.27330430975004, 126.9868162608518 37.26879748274692, 126.9811770890291 37.268772903639)))",126.9839813,37.27103863,0.189756446,0,0.097378277,0.142658875,0.235037044
다사52b21a,"MULTIPOLYGON (((126.9641318348368 37.28672477715713, 126.9640998719775 37.2912315740976, 126.9697407041764 37.2912569795748, 126.9697723306363 37.2867501785145, 126.9641318348368 37.28672477715713)))",126.9669362,37.2889909,0.261976269,0,0.179775281,0.148283419,0.230484407
다사59a22b,"MULTIPOLYGON (((127.0373760207739 37.30055456176879, 127.0373484127994 37.30506139849349, 127.0429903403889 37.30508332004382, 127.0430176117194 37.30057647976471, 127.0373760207739 37.30055456176879)))",127.0401831,37.30281896,0.26708425,0,0.176029963,0.137691746,0.228746033
다사59b20b,"MULTIPOLYGON (((127.0431266363586 37.28254908407467, 127.0430993892984 37.28705593818292, 127.0487399768265 37.28707757674059, 127.0487668875409 37.2825707191232, 127.0431266363586 37.28254908407467)))",127.0459332,37.28481335,0.125695349,0,0.02247191,0.115558802,0.218782241
다사53b21b,"MULTIPOLYGON (((126.9753815434155 37.29128211624343, 126.975350246391 37.29578891791738, 126.980991429073 37.29581378980954, 126.9810223896201 37.29130698410248, 126.9753815434155 37.29128211624343)))",126.9781864,37.29354797,0.228782754,0,0.142322097,0.131336742,0.217797398
다사53b24a,"MULTIPOLYGON (((126.9752249886063 37.3138160899846, 126.9751936567303 37.31832287434349, 126.9808365229234 37.31834776640827, 126.9808675179473 37.31384097801391, 126.9752249886063 37.3138160899846)))",126.9780307,37.31608195,0.122535211,0,0.014981273,0.10715851,0.214712447
다사51a18a,"MULTIPOLYGON (((126.9474080686615 37.25960618183205, 126.9473751406172 37.26411298693841, 126.9530139340029 37.26413917333898, 126.9530465261017 37.25963236398506, 126.9474080686615 37.25960618183205)))",126.9502109,37.2618727,0.227785087,0,0.179775281,0.166544923,0.21455473
다사50b18a,"MULTIPOLYGON (((126.941769618549 37.25957973117976, 126.9417363545611 37.26408653199498, 126.9473751406172 37.26411298693841, 126.9474080686615 37.25960618183205, 126.941769618549 37.25957973117976)))",126.9445723,37.26184638,0.121864879,0,0.071161049,0.161431702,0.212135533
다사59b20a,"MULTIPOLYGON (((127.0431538773549 37.27804222650952, 127.0431266363586 37.28254908407467, 127.0487668875409 37.2825707191232, 127.0487937922662 37.27806385804933, 127.0431538773549 37.27804222650952)))",127.0459603,37.28030649,0.210813597,0,0.112359551,0.112710007,0.211164054
다사61a19b,"MULTIPOLYGON (((127.0600998663181 37.27359944363801, 127.0600736399772 37.27810631505416, 127.0657135726272 37.27812714051743, 127.0657394627678 37.27362026572371, 127.0600998663181 37.27359944363801)))",127.0629066,37.27586331,0.194751112,0,0.08988764,0.105916728,0.210780199
다사60b18a,"MULTIPOLYGON (((127.054539927861 37.26005772818382, 127.0545133830516 37.2645646065457, 127.0601523014911 37.26458569043973, 127.0601785103259 37.26007880865789, 127.054539927861 37.26005772818382)))",127.057346,37.26232173,0.115999473,0,0.097378277,0.190942294,0.209563489
다사53a21b,"MULTIPOLYGON (((126.9697407041764 37.2912569795748, 126.9697090706761 37.29576377717205, 126.975350246391 37.29578891791738, 126.9753815434155 37.29128211624343, 126.9697407041764 37.2912569795748)))",126.9725454,37.29352297,0.198187736,0,0.108614232,0.118261505,0.207835009
다사59b15a,"MULTIPOLYGON (((127.0434259541089 37.23297346076127, 127.0433987736748 37.23748035288719, 127.0490356655122 37.23750195286696, 127.0490625104229 37.23299505723641, 127.0434259541089 37.23297346076127)))",127.0462307,37.23523773,0.277381939,0,0.172284644,0.101314828,0.206412123
다사53b19a,"MULTIPOLYGON (((126.975537924089 37.26874805593837, 126.9755066618754 37.27325487492357, 126.9811461629187 37.27327972665495, 126.9811770890291 37.268772903639, 126.975537924089 37.26874805593837)))",126.978342,37.27101391,0.211124136,0,0.116104869,0.110226443,0.20524571
다사62b18b,"MULTIPOLYGON (((127.0770690915142 37.26464733074445, 127.0770438850016 37.2691542190709, 127.0826831623831 37.2691742319566, 127.082708032841 37.26466734038406, 127.0770690915142 37.26464733074445)))",127.079876,37.2669108,0.272864198,0,0.191011236,0.122717312,0.204570274
다사59a20a,"MULTIPOLYGON (((127.0375139685062 37.27802032627933, 127.0374863912403 37.28252718029217, 127.0431266363586 37.28254908407467, 127.0431538773549 37.27804222650952, 127.0375139685062 37.27802032627933)))",127.0403202,37.28028473,0.263737495,0,0.172284644,0.112929145,0.204381996
다사60b19b,"MULTIPOLYGON (((127.0544602757051 37.27357835290286, 127.0544337131652 37.27808522089782, 127.0600736399772 37.27810631505416, 127.0600998663181 37.27359944363801, 127.0544602757051 37.27357835290286)))",127.0572669,37.27584236,0.255911594,0,0.112359551,0.06018992,0.203741963
다사52b23a,"MULTIPOLYGON (((126.9640039407019 37.30475194413733, 126.9639719493719 37.30925872722283, 126.9696141279169 37.30928414918408, 126.969645782548 37.30477736197684, 126.9640039407019 37.30475194413733)))",126.966809,37.30701807,0.237790528,0,0.142322097,0.106135866,0.201604296
다사58a15a,"MULTIPOLYGON (((127.0265163217564 37.23290706181023, 127.0264881347604 37.23741394316114, 127.0321250082242 37.23743634803338, 127.032152859701 37.23292946304727, 127.0265163217564 37.23290706181023)))",127.0293206,37.23517173,0.240526733,0,0.191011236,0.149379109,0.198894606
다사61b16b,"MULTIPOLYGON (((127.0658946826583 37.24657894441184, 127.065868827069 37.25108583993325, 127.071506749394 37.25110637670441, 127.0715322692303 37.24659947785134, 127.0658946826583 37.24657894441184)))",127.0687006,37.24884268,0.265066336,0,0.198501873,0.127465303,0.194029767
다사63a18b,"MULTIPOLYGON (((127.082708032841 37.26466734038406, 127.0826831623831 37.2691742319566, 127.0883224453006 37.26919397623305, 127.0883469797026 37.26468708145797, 127.082708032841 37.26466734038406)))",127.0855152,37.26693068,0.262945101,0.166666667,0.082397004,0.176625274,0.190506705
다사56b16a,"MULTIPOLYGON (((127.0095483522682 37.24185198550027, 127.0095191457261 37.2463588487683, 127.0151566713978 37.24638206605763, 127.0151855422758 37.24187519902294, 127.0095483522682 37.24185198550027)))",127.0123524,37.24411705,0.24151011,0,0.074906367,0.020160701,0.186764444
다사52b21b,"MULTIPOLYGON (((126.9640998719775 37.2912315740976, 126.964067902003 37.29573836757456, 126.9697090706761 37.29576377717205, 126.9697407041764 37.2912569795748, 126.9640998719775 37.2912315740976)))",126.9669044,37.2934977,0.246749839,0,0.149812734,0.089627465,0.186564571
다사60a15a,"MULTIPOLYGON (((127.0490625104229 37.23299505723641, 127.0490356655122 37.23750195286696, 127.0546725633248 37.23752328454741, 127.0546990727106 37.23301638545578, 127.0490625104229 37.23299505723641)))",127.0518675,37.23525919,0.26277848,0,0.153558052,0.073849525,0.183069953
다사58b18a,"MULTIPOLYGON (((127.0319856578231 37.25997072111738, 127.0319577691293 37.2644775853638, 127.037596663485 37.26449974349836, 127.0376242162098 37.25999287565772, 127.0319856578231 37.25997072111738)))",127.0347911,37.26223525,0.324990094,0,0.205992509,0.062892622,0.181890207
다사52a16a,"MULTIPOLYGON (((126.9588139436361 37.2416309887781, 126.9587817161874 37.24613781618688, 126.9644191806613 37.2461634488596, 126.9644510724601 37.24165661729232, 126.9588139436361 37.2416309887781)))",126.9616165,37.24389724,0.234754025,0,0.269662921,0.214901388,0.179992491
다사57a24a,"MULTIPOLYGON (((127.0147228362402 37.31398465655342, 127.0146938623622 37.31849146824462, 127.0203367752821 37.31851447678274, 127.0203654122971 37.31400766136139, 127.0147228362402 37.31398465655342)))",127.0175297,37.31624959,0.004556752,0,0.123595506,0.298100804,0.17906205
다사58b22b,"MULTIPOLYGON (((127.0317344359731 37.30053237486541, 127.031706491356 37.30503920799212, 127.0373484127994 37.30506139849349, 127.0373760207739 37.30055456176879, 127.0317344359731 37.30053237486541)))",127.0345413,37.30279691,0.267901527,0.166666667,0.052434457,0.129656684,0.178457087
다사55b22b,"MULTIPOLYGON (((126.9978850604 37.30039360644069, 126.9978550959584 37.30490041706366, 127.003496978952 37.30492422125178, 127.0035266067599 37.30041740676917, 126.9978850604 37.30039360644069)))",127.0006909,37.30265894,0.219518058,0,0.127340824,0.085244704,0.177421939
다사57b17a,"MULTIPOLYGON (((127.0207656619319 37.25091188226656, 127.0207371140151 37.25541874610946, 127.0263753240229 37.25544143399662, 127.0264035361232 37.25093456647326, 127.0207656619319 37.25091188226656)))",127.0235704,37.25317668,0.269768969,0,0.168539326,0.076186998,0.177416641
다사61b18b,"MULTIPOLYGON (((127.0657912257645 37.26460650577145, 127.0657653471464 37.269113387475, 127.0714046132312 37.26913393757674, 127.0714301557972 37.26462705253996, 127.0657912257645 37.26460650577145)))",127.0685978,37.26687024,0.2665682,0,0.247191011,0.156318481,0.175695669
다사60b17a,"MULTIPOLYGON (((127.0545929997591 37.25104396109419, 127.0545664667631 37.2555508463666, 127.0602047133281 37.25557192342112, 127.0602309104991 37.25106503472954, 127.0545929997591 37.25104396109419)))",127.0573988,37.25330796,0.046248907,0,0.059925094,0.187582177,0.17390599
다사57a23a,"MULTIPOLYGON (((127.0147807646512 37.30497102279085, 127.0147518036693 37.30947784140211, 127.0203940429382 37.30950084248038, 127.0204226672069 37.30499402013986, 127.0147807646512 37.30497102279085)))",127.0175873,37.30723595,0.26867861,0.166666667,0.06741573,0.138422206,0.173018419
다사58a18b,"MULTIPOLYGON (((127.0263188809816 37.26445515867137, 127.0262906500376 37.26896201582247, 127.0319298742277 37.26898444615309, 127.0319577691293 37.2644775853638, 127.0263188809816 37.26445515867137)))",127.0291243,37.26671982,0.241089737,0,0.142322097,0.073046019,0.171813659
다사54b22a,"MULTIPOLYGON (((126.9866326186472 37.29583839284749, 126.986601987762 37.30034519908228, 126.992243520709 37.3003695372114, 126.9922738150387 37.29586272703022, 126.9866326186472 37.29583839284749)))",126.989438,37.29810399,0.256594143,0,0.172284644,0.08568298,0.169992479
다사51b17b,"MULTIPOLYGON (((126.9530791109476 37.25512555116772, 126.9530465261017 37.25963236398506, 126.9586849907951 37.25965827763768, 126.9587172397686 37.25515146061682, 126.9530791109476 37.25512555116772)))",126.955882,37.25739194,0.237211059,0,0.232209738,0.164937911,0.169939232
다사59a23b,"MULTIPOLYGON (((127.0373207986789 37.30956823176013, 127.0372931784109 37.31407506156854, 127.0429357795133 37.31409699022892, 127.0429630629874 37.30959015686527, 127.0373207986789 37.30956823176013)))",127.0401282,37.31183263,0.254280245,0,0.322097378,0.237472608,0.169655475
다사56b16b,"MULTIPOLYGON (((127.0095191457261 37.2463588487683, 127.0094899326831 37.25086570857804, 127.0151277940937 37.25088892963451, 127.0151566713978 37.24638206605763, 127.0095191457261 37.2463588487683)))",127.0123234,37.24862391,0.216238608,0,0.097378277,0.048721695,0.167582025
다사62b21b,"MULTIPOLYGON (((127.0769177682479 37.29168860888922, 127.0768925280499 37.29619547648905, 127.082533823331 37.29621550885935, 127.0825587270253 37.29170863801114, 127.0769177682479 37.29168860888922)))",127.0797257,37.29395208,0.217604685,0,0.202247191,0.151351351,0.166708845
다사51a19b,"MULTIPOLYGON (((126.9473092625384 37.27312658675866, 126.9472763125004 37.27763338147228, 126.9529161141709 37.27765958061858, 126.9529487280391 37.27315278165588, 126.9473092625384 37.27312658675866)))",126.9501126,37.27539311,0.231855315,0,0.325842697,0.257633309,0.163645928
다사52b16b,"MULTIPOLYGON (((126.9644191806613 37.2461634488596, 126.9643872817639 37.25067027696488, 126.9700250890626 37.25069564538121, 126.9700566522338 37.24618881316048, 126.9644191806613 37.2461634488596)))",126.9672221,37.24842957,0.281261189,0,0.284644195,0.165522279,0.162139273
다사56a20b,"MULTIPOLYGON (((127.003645052066 37.28239011423485, 127.0036154506253 37.28689694255873, 127.0092559941233 37.28692046254001, 127.0092852592285 37.2824136304019, 127.003645052066 37.28239011423485)))",127.0064504,37.28465531,0.248450834,0,0.187265918,0.099561724,0.16074664
다사50a19a,"MULTIPOLYGON (((126.9360639685004 37.26856660152522, 126.9360303536106 37.2730733910754, 126.9416698043706 37.27310012323147, 126.9417030831689 37.26859332934559, 126.9360639685004 37.26856660152522)))",126.9388668,37.27083338,0.23088451,0,0.209737828,0.128853178,0.14999986
다사53a18b,"MULTIPOLYGON (((126.9699303573893 37.26421612127286, 126.9698987661061 37.26872293964604, 126.975537924089 37.26874805593837, 126.9755691793453 37.26424123349137, 126.9699303573893 37.26421612127286)))",126.9727341,37.26648211,0.24073269,0,0.198501873,0.107596786,0.149827603
다사60b20b,"MULTIPOLYGON (((127.0544071447124 37.28259208543686, 127.0543805703453 37.28709894651981, 127.0600211697797 37.28712004751966, 127.0600474077982 37.28261318301475, 127.0544071447124 37.28259208543686)))",127.0572141,37.28485609,0.333196073,0,0.280898876,0.097224251,0.149521448
다사59a22a,"MULTIPOLYGON (((127.0374036226038 37.29604772158615, 127.0373760207739 37.30055456176879, 127.0430176117194 37.30057647976471, 127.0430448769802 37.29606963602809, 127.0374036226038 37.29604772158615)))",127.0402105,37.29831212,0.337351056,0,0.299625468,0.104382761,0.142108349
다사55b19b,"MULTIPOLYGON (((126.9980647070543 37.27335267002729, 126.9980347826035 37.27785950141396, 127.0036746469188 37.27788328245106, 127.0037042351852 37.27337644720748, 126.9980647070543 37.27335267002729)))",127.0008696,37.275618,0.222946686,0,0.104868914,0.023228634,0.141306406
다사52b19b,"MULTIPOLYGON (((126.9642276807402 37.27320436555608, 126.9641957392165 37.27771117288621, 126.969835562442 37.27773656600542, 126.9698671677909 37.27322975455694, 126.9642276807402 37.27320436555608)))",126.9670315,37.27547049,0.272860867,0,0.232209738,0.100292184,0.140943313
다사56a23a,"MULTIPOLYGON (((127.003496978952 37.30492422125178, 127.0034673445484 37.3094310322737, 127.0091095708478 37.30945457133289, 127.0091388685413 37.30494775649449, 127.003496978952 37.30492422125178)))",127.0063032,37.30718942,0.27195515,0.166666667,0.119850187,0.155076698,0.140514994
다사57b16a,"MULTIPOLYGON (((127.0208227387081 37.2418981442083, 127.0207942034958 37.24640501496612, 127.0264317419452 37.2464276954928, 127.0264599414905 37.24192082105537, 127.0208227387081 37.2418981442083)))",127.0236272,37.24416294,0.250469801,0,0.217228464,0.105843682,0.139085019
다사54a16b,"MULTIPOLYGON (((126.9813316163757 37.24623873664249, 126.9813007246617 37.25074557696352, 126.9869385528128 37.25077014012743, 126.9869691087956 37.24626329582158, 126.9813316163757 37.24623873664249)))",126.984135,37.24850446,0.206713067,0,0.138576779,0.058363769,0.126500057
다사50a19b,"MULTIPOLYGON (((126.9360303536106 37.2730733910754, 126.9359967312384 37.27758017716017, 126.9416365181646 37.27760691365246, 126.9416698043706 37.27310012323147, 126.9360303536106 37.2730733910754)))",126.9388334,37.27534017,0.233800924,0,0.262172285,0.151278305,0.122906944
다사59a19a,"MULTIPOLYGON (((127.0375691046271 37.26900660788227, 127.0375415396346 37.27351346880931, 127.0431811122886 37.27353536548761, 127.043208341161 37.26902850100909, 127.0375691046271 37.26900660788227)))",127.040375,37.27127101,0.24654557,0.166666667,0.078651685,0.117677137,0.118904355
다사50b18b,"MULTIPOLYGON (((126.9417363545611 37.26408653199498, 126.9417030831689 37.26859332934559, 126.9473422052434 37.26861978858065, 126.9473751406172 37.26411298693841, 126.9417363545611 37.26408653199498)))",126.9445392,37.26635318,0.188898094,0,0.198501873,0.128195763,0.118591985
다사60b15a,"MULTIPOLYGON (((127.0546990727106 37.23301638545578, 127.0546725633248 37.23752328454741, 127.0603094670379 37.23754434792769, 127.0603356408974 37.23303744541851, 127.0546990727106 37.23301638545578)))",127.0575042,37.23528039,0.277124135,0.166666667,0.112359551,0.120160701,0.118258619
다사52b17a,"MULTIPOLYGON (((126.9643872817639 37.25067027696488, 126.9643553757663 37.25517710160803, 126.9699935188658 37.2552024741403, 126.9700250890626 37.25069564538121, 126.9643872817639 37.25067027696488)))",126.9671903,37.2529364,0.081081645,0,0.097378277,0.130898466,0.114601834
다사55a19b,"MULTIPOLYGON (((126.992425185583 37.27332862420781, 126.9923949249494 37.277835451694, 126.9980347826035 37.27785950141396, 126.9980647070543 37.27335267002729, 126.992425185583 37.27332862420781)))",126.9952299,37.27559408,0.224695251,0,0.202247191,0.090430972,0.112879032
다사58b18b,"MULTIPOLYGON (((127.0319577691293 37.2644775853638, 127.0319298742277 37.26898444615309, 127.0375691046271 37.26900660788227, 127.037596663485 37.26449974349836, 127.0319577691293 37.2644775853638)))",127.0347634,37.26674212,0.283396349,0,0.217228464,0.043973703,0.110141588
다사55a20a,"MULTIPOLYGON (((126.9923949249494 37.277835451694, 126.9923646575798 37.28234227571947, 126.9980048514915 37.2823663293404, 126.9980347826035 37.27785950141396, 126.9923949249494 37.277835451694)))",126.9951998,37.28010091,0.222278084,0,0.176029963,0.062454346,0.108702468
다사55a21a,"MULTIPOLYGON (((126.9923343834725 37.2868490962841, 126.992304102626 37.29135591338773, 126.9979449692776 37.29137997481192, 126.9979749137167 37.28687315380643, 126.9923343834725 37.2868490962841)))",126.9951396,37.28911456,0.257980166,0,0.191011236,0.041563185,0.108532115
다사58a19a,"MULTIPOLYGON (((127.0262906500376 37.26896201582247, 127.0262624128095 37.27346886951584, 127.0319019731167 37.27349130348507, 127.0319298742277 37.26898444615309, 127.0262906500376 37.26896201582247)))",127.0290962,37.27122668,0.262025238,0,0.194756554,0.040321402,0.107590087
다사53b21a,"MULTIPOLYGON (((126.9754128334746 37.28677531110692, 126.9753815434155 37.29128211624343, 126.9810223896201 37.29130698410248, 126.9810533432765 37.28680017493334, 126.9754128334746 37.28677531110692)))",126.9782175,37.28904117,0.244487368,0,0.262172285,0.123374726,0.105689809
다사54a22b,"MULTIPOLYGON (((126.9809604616339 37.30032059205436, 126.980929487301 37.3048273908368, 126.986571350058 37.30485200185517, 126.986601987762 37.30034519908228, 126.9809604616339 37.30032059205436)))",126.9837658,37.30258632,0.269275285,0,0.284644195,0.120672023,0.105303114
다사59b21a,"MULTIPOLYGON (((127.0430993892984 37.28705593818292, 127.0430721361727 37.29156278883411, 127.0487130601216 37.29158443090132, 127.0487399768265 37.28707757674059, 127.0430993892984 37.28705593818292)))",127.0459061,37.28932021,0.371400699,0,0.277153558,0.010591673,0.104838814
다사51b20a,"MULTIPOLYGON (((126.9529161141709 37.27765958061858, 126.9528834930428 37.28216637611725, 126.9585236382193 37.28219231079488, 126.9585559231012 37.27768551109024, 126.9529161141709 37.27765958061858)))",126.9557198,37.27992597,0.251457074,0.166666667,0.082397004,0.100219138,0.102612542
다사62b18a,"MULTIPOLYGON (((127.0770942924172 37.26014043896409, 127.0770690915142 37.26464733074445, 127.082708032841 37.26466734038406, 127.082732897764 37.26016044535798, 127.0770942924172 37.26014043896409)))",127.0799011,37.26240391,0.265666308,0,0.247191011,0.081519357,0.099994654
다사61b20a,"MULTIPOLYGON (((127.0657135726272 37.27812714051743, 127.0656876767234 37.28263401185603, 127.0713279514132 37.28265457195982, 127.0713535110405 37.27814769728682, 127.0657135726272 37.27812714051743)))",127.0685207,37.28039088,0.234100271,0,0.239700375,0.104528853,0.098928749
다사55a22b,"MULTIPOLYGON (((126.992243520709 37.3003695372114, 126.9922132196355 37.30487634393113, 126.9978550959584 37.30490041706366, 126.9978850604 37.30039360644069, 126.992243520709 37.3003695372114)))",126.9950492,37.302635,0.230863223,0,0.198501873,0.066106647,0.098467998
다사58a22b,"MULTIPOLYGON (((127.0260928573917 37.30050991905549, 127.0260645761335 37.3050167485406, 127.031706491356 37.30503920799212, 127.0317344359731 37.30053237486541, 127.0260928573917 37.30050991905549)))",127.0288996,37.30277459,0.086009904,0,0.116104869,0.128268809,0.098173845
다사59a16a,"MULTIPOLYGON (((127.0377343658065 37.24196536973101, 127.0377068375999 37.24647225139701, 127.0433443946556 37.24649412677271, 127.0433715871909 37.24198724155773, 127.0377343658065 37.24196536973101)))",127.0405393,37.24422977,0.241456717,0,0.265917603,0.120160701,0.095699815
다사61a16a,"MULTIPOLYGON (((127.0602832873526 37.24205124698269, 127.0602571018401 37.24655814258337, 127.0658946826583 37.24657894441184, 127.0659205324938 37.24207204543636, 127.0602832873526 37.24205124698269)))",127.0630889,37.24431512,0.24234194,0,0.254681648,0.104382761,0.092043053
다사58a16a,"MULTIPOLYGON (((127.0264599414905 37.24192082105537, 127.0264317419452 37.2464276954928, 127.0320692866715 37.24645010763673, 127.0320971505482 37.24194322956325, 127.0264599414905 37.24192082105537)))",127.0292645,37.24418549,0.23995001,0,0.254681648,0.10642805,0.091696412
다사55a23a,"MULTIPOLYGON (((126.9922132196355 37.30487634393113, 126.9921829118163 37.30938314718925, 126.9978251248463 37.30940722422549, 126.9978550959584 37.30490041706366, 126.9922132196355 37.30487634393113)))",126.9950191,37.30714181,0.183136273,0,0.176029963,0.084002922,0.091109233
다사55a17a,"MULTIPOLYGON (((126.9925763877651 37.25079443487184, 126.9925461607882 37.25530127965922, 126.9981843382762 37.25532530988131, 126.9982142294441 37.25081846119574, 126.9925763877651 37.25079443487184)))",126.9953803,37.25305989,0.049852054,0,0.033707865,0.072607743,0.088751932
다사59b19a,"MULTIPOLYGON (((127.043208341161 37.26902850100909, 127.0431811122886 37.27353536548761, 127.0488206910036 37.27355699351909, 127.0488475837548 37.26905012553267, 127.043208341161 37.26902850100909)))",127.0460144,37.27129277,0.246487439,0,0.232209738,0.07100073,0.085278432
다사53b23a,"MULTIPOLYGON (((126.9752876314393 37.30480251087701, 126.9752563135088 37.30930930216238, 126.9808985060726 37.3093341861567, 126.980929487301 37.3048273908368, 126.9752876314393 37.30480251087701)))",126.978093,37.30706837,0.075133152,0,0.101123596,0.109788167,0.083797723
다사53b23b,"MULTIPOLYGON (((126.9752563135088 37.30930930216238, 126.9752249886063 37.3138160899846, 126.9808675179473 37.31384097801391, 126.9808985060726 37.3093341861567, 126.9752563135088 37.30930930216238)))",126.9780618,37.31157516,0.173097407,0,0.172284644,0.080642805,0.081455568
다사51b22a,"MULTIPOLYGON (((126.9527855860825 37.2956867418274, 126.952752935898 37.30019352346835, 126.9583944268082 37.30021947497492, 126.9584267404469 37.29571268912601, 126.9527855860825 37.2956867418274)))",126.9555899,37.29795313,0.221531194,0,0.269662921,0.129072316,0.080940588
다사56b22a,"MULTIPOLYGON (((127.0091974443676 37.29593411643713, 127.009168159714 37.30044093819586, 127.0148097191873 37.30046420071978, 127.0148386672791 37.29595737518907, 127.0091974443676 37.29593411643713)))",127.0120035,37.29819918,0.214785975,0,0.176029963,0.037472608,0.07622862
다사60a22b,"MULTIPOLYGON (((127.0486592087345 37.30059812885228, 127.0486322740495 37.30510497264218, 127.0542742137062 37.30512635628769, 127.0543008117444 37.3006195090306, 127.0486592087345 37.30059812885228)))",127.0514666,37.30286226,0.214759761,0,0.303370787,0.164645727,0.076034702
다사58a18a,"MULTIPOLYGON (((127.0263471056428 37.25994829806271, 127.0263188809816 37.26445515867137, 127.0319577691293 37.2644775853638, 127.0319856578231 37.25997072111738, 127.0263471056428 37.25994829806271)))",127.0291524,37.26221296,0.336791619,0.166666667,0.131086142,0.033674215,0.072713025
다사57b22a,"MULTIPOLYGON (((127.0204798966334 37.29598036508088, 127.0204512851048 37.30048719433998, 127.0260928573917 37.30050991905549, 127.0261211323555 37.29600308611163, 127.0204798966334 37.29598036508088)))",127.0232863,37.29824516,0.147322997,0,0.161048689,0.085902118,0.072176426
다사56a17a,"MULTIPOLYGON (((127.0038520777751 37.25084221909812, 127.0038225224176 37.25534907163836, 127.0094607131377 37.25537256492938, 127.0094899326831 37.25086570857804, 127.0038520777751 37.25084221909812)))",127.0066563,37.25310741,0.181095659,0,0.247191011,0.129437546,0.063342193
다사59a18a,"MULTIPOLYGON (((127.0376242162098 37.25999287565772, 127.037596663485 37.26449974349836, 127.0432355639738 37.26452163307412, 127.0432627807282 37.26001476168285, 127.0376242162098 37.25999287565772)))",127.0404298,37.26225728,0.242088331,0.166666667,0.08988764,0.076917458,0.062451482
다사59b21b,"MULTIPOLYGON (((127.0430721361727 37.29156278883411, 127.0430448769802 37.29606963602809, 127.0486861374248 37.29609128160528, 127.0487130601216 37.29158443090132, 127.0430721361727 37.29156278883411)))",127.0458791,37.29382706,0.279520213,0,0.277153558,0.060043828,0.062410483
다사61a16b,"MULTIPOLYGON (((127.0602571018401 37.24655814258337, 127.0602309104991 37.25106503472954, 127.065868827069 37.25108583993325, 127.0658946826583 37.24657894441184, 127.0602571018401 37.24655814258337)))",127.0630629,37.24882201,0.26640972,0.166666667,0.172284644,0.134258583,0.061716992
다사53b17a,"MULTIPOLYGON (((126.9756629033867 37.25072074538111, 126.9756316689925 37.25522757821258, 126.9812698260717 37.25525241382385, 126.9813007246617 37.25074557696352, 126.9756629033867 37.25072074538111)))",126.9784663,37.2529866,0.259578483,0.166666667,0.116104869,0.084806428,0.061613375
다사59b17b,"MULTIPOLYGON (((127.0432899914257 37.25550788683542, 127.0432627807282 37.26001476168285, 127.0489013513036 37.26003637919184, 127.048928226104 37.25552950083775, 127.0432899914257 37.25550788683542)))",127.0460956,37.25777215,0.27063761,0,0.352059925,0.140613587,0.059191272
다사60a18b,"MULTIPOLYGON (((127.0488744705209 37.26454325409021, 127.0488475837548 37.26905012553267, 127.0544868323334 37.26907148145209, 127.0545133830516 37.2645646065457, 127.0488744705209 37.26454325409021)))",127.0516806,37.26680739,0.272062776,0,0.235955056,0.020233747,0.056341467
다사52b20a,"MULTIPOLYGON (((126.9641957392165 37.27771117288621, 126.9641637905825 37.28221797675327, 126.9698039500577 37.28224337399134, 126.969835562442 37.27773656600542, 126.9641957392165 37.27771117288621)))",126.9669998,37.27997729,0.197615715,0,0.27340824,0.131263696,0.055471171
다사61a18a,"MULTIPOLYGON (((127.0601785103259 37.26007880865789, 127.0601523014911 37.26458569043973, 127.0657912257645 37.26460650577145, 127.0658170986234 37.2600996206132, 127.0601785103259 37.26007880865789)))",127.0629848,37.26234268,0.17279182,0,0.205992509,0.088458729,0.055258039
다사57a16a,"MULTIPOLYGON (((127.0151855422758 37.24187519902294, 127.0151566713978 37.24638206605763, 127.0207942034958 37.24640501496612, 127.0208227387081 37.2418981442083, 127.0151855422758 37.24187519902294)))",127.0179898,37.24414013,0.222822428,0,0.284644195,0.115193572,0.053371806
다사52b22a,"MULTIPOLYGON (((126.964067902003 37.29573836757456, 126.9640359249117 37.30024515758785, 126.9696774301338 37.30027057130611, 126.9697090706761 37.29576377717205, 126.964067902003 37.29573836757456)))",126.9668726,37.29800449,0.233228678,0.166666667,0.052434457,0.036815194,0.050942748
다사57b15b,"MULTIPOLYGON (((127.0208512675704 37.23739126999322, 127.0208227387081 37.2418981442083, 127.0264599414905 37.24192082105537, 127.0264881347604 37.23741394316114, 127.0208512675704 37.23739126999322)))",127.0236555,37.23965607,0.216521891,0,0.258426966,0.090504018,0.048598942
다사54a24a,"MULTIPOLYGON (((126.9808675179473 37.31384097801391, 126.9808365229234 37.31834776640827, 126.9864793960167 37.31837238940081, 126.9865100541869 37.31386559701459, 126.9808675179473 37.31384097801391)))",126.9836734,37.31610671,0.270277884,0,0.329588015,0.105113221,0.04580309
다사52b15b,"MULTIPOLYGON (((126.9644829571621 37.23714978226322, 126.9644510724601 37.24165661729232, 126.9700882083811 37.24168197747823, 126.9701197575063 37.23717513833462, 126.9644829571621 37.23714978226322)))",126.9672855,37.2394159,0.245658381,0.166666667,0.235955056,0.202629657,0.045666315
다사58b19b,"MULTIPOLYGON (((127.0319019731167 37.27349130348507, 127.0318740657949 37.27799815735963, 127.0375139685062 37.27802032627933, 127.0375415396346 37.27351346880931, 127.0319019731167 37.27349130348507)))",127.0347079,37.27575584,0.234346847,0,0.213483146,0.023813002,0.044676703
다사50a21a,"MULTIPOLYGON (((126.9359294640391 37.28659373893289, 126.9358958192086 37.29110051462054, 126.9415366150828 37.29112726412451, 126.9415699235225 37.28662048409914, 126.9359294640391 37.28659373893289)))",126.938733,37.28886052,0.238000115,0.166666667,0.108614232,0.081008035,0.043727251
다사60a20b,"MULTIPOLYGON (((127.0487668875409 37.2825707191232, 127.0487399768265 37.28707757674059, 127.0543805703453 37.28709894651981, 127.0544071447124 37.28259208543686, 127.0487668875409 37.2825707191232)))",127.0515736,37.28483485,0.250569753,0,0.254681648,0.04623813,0.042126235
다사61b17b,"MULTIPOLYGON (((127.0658429657244 37.25559273200041, 127.0658170986234 37.2600996206132, 127.0714556926788 37.26012016404888, 127.0714812238773 37.25561327210365, 127.0658429657244 37.25559273200041)))",127.0686492,37.25785647,0.070200255,0,0.157303371,0.12899927,0.041896153
다사54a17b,"MULTIPOLYGON (((126.9812698260717 37.25525241382385, 126.981238920604 37.2597592472233, 126.9868774204413 37.25978381835828, 126.9869079900285 37.25527698097306, 126.9812698260717 37.25525241382385)))",126.9840735,37.25751814,0.013599913,0,0.176029963,0.20182615,0.039396101
다사61a17b,"MULTIPOLYGON (((127.0602047133281 37.25557192342112, 127.0601785103259 37.26007880865789, 127.0658170986234 37.2600996206132, 127.0658429657244 37.25559273200041, 127.0602047133281 37.25557192342112)))",127.0630108,37.25783579,0.163882802,0.166666667,0.127340824,0.167056245,0.036931556
다사53a19a,"MULTIPOLYGON (((126.9698987661061 37.26872293964604, 126.9698671677909 37.27322975455694, 126.9755066618754 37.27325487492357, 126.975537924089 37.26874805593837, 126.9698987661061 37.26872293964604)))",126.9727026,37.27098893,0.223034961,0,0.280898876,0.091672754,0.033808838
다사53a15b,"MULTIPOLYGON (((126.9701197575063 37.23717513833462, 126.9700882083811 37.24168197747823, 126.9757253513244 37.24170706933476, 126.9757565648711 37.2372002261202, 126.9701197575063 37.23717513833462)))",126.9729225,37.23944113,0.244200497,0,0.382022472,0.169831994,0.032010019
다사50b21a,"MULTIPOLYGON (((126.9415699235225 37.28662048409914, 126.9415366150828 37.29112726412451, 126.9471774183716 37.2911537448253, 126.9472103904187 37.28664696050578, 126.9415699235225 37.28662048409914)))",126.9443736,37.28888714,0.214745045,0.166666667,0.149812734,0.13119065,0.029456294
다사53a23a,"MULTIPOLYGON (((126.969645782548 37.30477736197684, 126.9696141279169 37.30928414918408, 126.9752563135088 37.30930930216238, 126.9752876314393 37.30480251087701, 126.969645782548 37.30477736197684)))",126.972451,37.30704335,0.227217869,0,0.269662921,0.071585099,0.029140046
다사52a18b,"MULTIPOLYGON (((126.9586527346433 37.26416509119561, 126.9586204713114 37.26867190129045, 126.9642596151553 37.26869755476304, 126.9642915424637 37.26419074050726, 126.9586527346433 37.26416509119561)))",126.9614561,37.26643134,0.223555544,0,0.310861423,0.108035062,0.020729183
다사60b22a,"MULTIPOLYGON (((127.0543274038627 37.29611265831682, 127.0543008117444 37.3006195090306, 127.0599424206741 37.30064062029879, 127.0599686762191 37.29613376616183, 127.0543274038627 37.29611265831682)))",127.0571348,37.29837666,0.130685039,0,0.277153558,0.166691015,0.020222496
다사59b23b,"MULTIPOLYGON (((127.0429630629874 37.30959015686527, 127.0429357795133 37.31409699022892, 127.0485783866896 37.31411864985009, 127.0486053333684 37.30961181297483, 127.0429630629874 37.30959015686527)))",127.0457706,37.31185442,0.259924778,0,0.486891386,0.247187728,0.02022112
다사61a15b,"MULTIPOLYGON (((127.0603094670379 37.23754434792769, 127.0602832873526 37.24205124698269, 127.0659205324938 37.24207204543636, 127.0659463765768 37.23756514300694, 127.0603094670379 37.23754434792769)))",127.0631149,37.23980822,0.256395035,0,0.307116105,0.06807889,0.01735782
다사58b19a,"MULTIPOLYGON (((127.0319298742277 37.26898444615309, 127.0319019731167 37.27349130348507, 127.0375415396346 37.27351346880931, 127.0375691046271 37.26900660788227, 127.0319298742277 37.26898444615309)))",127.0347356,37.27124898,0.246208103,0.166666667,0.142322097,0.078232286,0.015451625
다사61a19a,"MULTIPOLYGON (((127.0601260868223 37.2690925687665, 127.0600998663181 37.27359944363801, 127.0657394627678 37.27362026572371, 127.0657653471464 37.269113387475, 127.0601260868223 37.2690925687665)))",127.0629327,37.27135644,0.224971359,0,0.29588015,0.079693207,0.008784416
다사54a20b,"MULTIPOLYGON (((126.9810842900441 37.28229336230227, 126.9810533432765 37.28680017493334, 126.9866938599675 37.28682476999275, 126.9867244704057 37.2823179533731, 126.9810842900441 37.28229336230227)))",126.983889,37.28455909,0.273075203,0,0.359550562,0.093864134,0.007388775
다사54b24b,"MULTIPOLYGON (((126.9864793960167 37.31837238940081, 126.9864487310212 37.32287917832451, 126.9920919478701 37.32290353619248, 126.9921222759352 37.31839674332009, 126.9864793960167 37.31837238940081)))",126.9892856,37.32063798,0.039509786,0,0.142322097,0.109057706,0.006245395
다사52a18a,"MULTIPOLYGON (((126.9586849907951 37.25965827763768, 126.9586527346433 37.26416509119561, 126.9642915424637 37.26419074050726, 126.9643234626668 37.25968392278886, 126.9586849907951 37.25965827763768)))",126.9614882,37.26192453,0.212452822,0,0.355805243,0.149452155,0.006099733
다사54a23a,"MULTIPOLYGON (((126.980929487301 37.3048273908368, 126.9808985060726 37.3093341861567, 126.9865407055334 37.30935880116598, 126.986571350058 37.30485200185517, 126.980929487301 37.3048273908368)))",126.983735,37.30709312,0.259095701,0,0.34082397,0.087509131,0.005780861
다사50a21b,"MULTIPOLYGON (((126.9358958192086 37.29110051462054, 126.9358621668886 37.29560728684216, 126.9415032992284 37.29563404068439, 126.9415366150828 37.29112726412451, 126.9358958192086 37.29110051462054)))",126.9386995,37.2933673,0.239151985,0,0.288389513,0.05193572,0.002698191
다사62a18a,"MULTIPOLYGON (((127.0714556926788 37.26012016404888, 127.0714301557972 37.26462705253996, 127.0770690915142 37.26464733074445, 127.0770942924172 37.26014043896409, 127.0714556926788 37.26012016404888)))",127.0742623,37.26238377,0.271208647,0.333333333,0.052434457,0.116727538,0.002168395
다사55a22a,"MULTIPOLYGON (((126.9922738150387 37.29586272703022, 126.992243520709 37.3003695372114, 126.9978850604 37.30039360644069, 126.9979150181725 37.29588679235673, 126.9922738150387 37.29586272703022)))",126.9950794,37.29812819,0.24816957,0,0.299625468,0.04660336,-0.004852538
다사56a18b,"MULTIPOLYGON (((127.003763391965 37.26436276634158, 127.0037338168668 37.26886960850427, 127.0093730154715 37.26889311323128, 127.0094022545334 37.26438626725614, 127.003763391965 37.26436276634158)))",127.0065681,37.26662796,0.205872325,0.166666667,0.116104869,0.071365961,-0.00553325
다사53b19b,"MULTIPOLYGON (((126.9755066618754 37.27325487492357, 126.9754753927028 37.27776169044684, 126.9811152299243 37.27778654620942, 126.9811461629187 37.27327972665495, 126.9755066618754 37.27325487492357)))",126.9783109,37.27552073,0.210244623,0,0.29588015,0.077940102,-0.007695424
다사60b19a,"MULTIPOLYGON (((127.0544868323334 37.26907148145209, 127.0544602757051 37.27357835290286, 127.0600998663181 37.27359944363801, 127.0601260868223 37.2690925687665, 127.0544868323334 37.26907148145209)))",127.0572933,37.27133548,0.231426776,0,0.314606742,0.075164354,-0.008015612
다사60b21a,"MULTIPOLYGON (((127.0543805703453 37.28709894651981, 127.0543539900625 37.29160580414651, 127.0599949259205 37.29162690856875, 127.0600211697797 37.28712004751966, 127.0543805703453 37.28709894651981)))",127.0571877,37.28936295,0.277622167,0,0.38576779,0.099123448,-0.009022175
다사60b17b,"MULTIPOLYGON (((127.0545664667631 37.2555508463666, 127.054539927861 37.26005772818382, 127.0601785103259 37.26007880865789, 127.0602047133281 37.25557192342112, 127.0545664667631 37.2555508463666)))",127.0573724,37.25781485,0.114077196,0,0.265917603,0.140029218,-0.011811188
다사62b17b,"MULTIPOLYGON (((127.0771194877119 37.25563354372996, 127.0770942924172 37.26014043896409, 127.082732897764 37.26016044535798, 127.0827577571536 37.25565354687852, 127.0771194877119 37.25563354372996)))",127.0799261,37.25789702,0.277664937,0.166666667,0.161048689,0.038130022,-0.011920397
다사53b18b,"MULTIPOLYGON (((126.9755691793453 37.26424123349137, 126.975537924089 37.26874805593837, 126.9811770890291 37.268772903639, 126.981208008257 37.26426607716173, 126.9755691793453 37.26424123349137)))",126.9783731,37.26650709,0.202127422,0.166666667,0.146067416,0.098100804,-0.012505857
다사61a21a,"MULTIPOLYGON (((127.0600211697797 37.28712004751966, 127.0599949259205 37.29162690856875, 127.0656358676206 37.29164774416718, 127.065661775055 37.28714087973933, 127.0600211697797 37.28712004751966)))",127.0628284,37.28938392,0.266176198,0,0.426966292,0.145799854,-0.01499024
다사58b16a,"MULTIPOLYGON (((127.0320971505482 37.24194322956325, 127.0320692866715 37.24645010763673, 127.0377068375999 37.24647225139701, 127.0377343658065 37.24196536973101, 127.0320971505482 37.24194322956325)))",127.0349019,37.24420776,0.243841132,0.166666667,0.220973783,0.127976625,-0.015822693
다사50b21b,"MULTIPOLYGON (((126.9415366150828 37.29112726412451, 126.9415032992284 37.29563404068439, 126.9471444389847 37.29566052567984, 126.9471774183716 37.2911537448253, 126.9415366150828 37.29112726412451)))",126.9443404,37.29339392,0.115161558,0,0.187265918,0.056026297,-0.016078063
다사60a16a,"MULTIPOLYGON (((127.0490088146264 37.24200884504251, 127.0489819577641 37.24651573376292, 127.0546195268505 37.24653707236677, 127.0546460480386 37.24203018018445, 127.0490088146264 37.24200884504251)))",127.0518141,37.24427298,0.274008885,0,0.348314607,0.057560263,-0.016745459
다사59a23a,"MULTIPOLYGON (((127.0373484127994 37.30506139849349, 127.0373207986789 37.30956823176013, 127.0429630629874 37.30959015686527, 127.0429903403889 37.30508332004382, 127.0373484127994 37.30506139849349)))",127.0401557,37.3073258,0.261129804,0,0.501872659,0.221329438,-0.019413418
다사60a19b,"MULTIPOLYGON (((127.0488206910036 37.27355699351909, 127.0487937922662 37.27806385804933, 127.0544337131652 37.27808522089782, 127.0544602757051 37.27357835290286, 127.0488206910036 37.27355699351909)))",127.0516271,37.27582113,0.337381259,0,0.513108614,0.151059167,-0.024668188
다사58a21a,"MULTIPOLYGON (((127.0261776634057 37.28698940984814, 127.0261494010264 37.29149624970912, 127.0317903065502 37.29151869823709, 127.0318182325131 37.28701185473579, 127.0261776634057 37.28698940984814)))",127.0289839,37.28925408,0.218439489,0.166666667,0.142322097,0.065157049,-0.025392226
다사57a18b,"MULTIPOLYGON (((127.0150411236088 37.2644094996166, 127.0150122205847 37.26891634936062, 127.0206514321317 37.26893931689133, 127.0206799991165 37.26443246342199, 127.0150411236088 37.2644094996166)))",127.0178462,37.26667443,0.177470291,0,0.239700375,0.033747261,-0.028482822
다사54b23b,"MULTIPOLYGON (((126.9865407055334 37.30935880116598, 126.9865100541869 37.31386559701459, 126.9921525972501 37.31388994698563, 126.9921829118163 37.30938314718925, 126.9865407055334 37.30935880116598)))",126.9893466,37.3116244,0.206502211,0,0.254681648,0.019138057,-0.02904138
다사57a17b,"MULTIPOLYGON (((127.0150989103618 37.25539578975339, 127.0150700202007 37.25990264641415, 127.0207085597438 37.25992560649465, 127.0207371140151 37.25541874610946, 127.0150989103618 37.25539578975339)))",127.0179037,37.25766072,0.22591606,0.166666667,0.172284644,0.083345508,-0.029689743
다사55a18b,"MULTIPOLYGON (((126.9924856866483 37.26431495885399, 126.9924554394821 37.2688217932611, 126.9980946248454 37.26884583518055, 126.9981245359784 37.26433899687385, 126.9924856866483 37.26431495885399)))",126.9952901,37.26658042,0.236202919,0,0.359550562,0.085975164,-0.037372478
다사61b21b,"MULTIPOLYGON (((127.0656358676206 37.29164774416718, 127.065609954419 37.29615460513945, 127.0712512383876 37.2961751752488, 127.0712768150881 37.29166831094096, 127.0656358676206 37.29164774416718)))",127.0684435,37.29391148,0.255248169,0,0.404494382,0.111687363,-0.03755885
다사54b18a,"MULTIPOLYGON (((126.9868774204413 37.25978381835828, 126.9868468440496 37.26429065228294, 126.9924856866483 37.26431495885399, 126.9925159270832 37.25980812098663, 126.9868774204413 37.25978381835828)))",126.9896815,37.26204941,0.206514788,0.166666667,0.232209738,0.152593134,-0.039768483
다사58b20b,"MULTIPOLYGON (((127.0318461522608 37.28250500777658, 127.0318182325131 37.28701185473579, 127.0374588078356 37.28703403084769, 127.0374863912403 37.28252718029217, 127.0318461522608 37.28250500777658)))",127.0346524,37.28476954,0.225400215,0.166666667,0.194756554,0.095544193,-0.040478813
다사59b16a,"MULTIPOLYGON (((127.0433715871909 37.24198724155773, 127.0433443946556 37.24649412677271, 127.0489819577641 37.24651573376292, 127.0490088146264 37.24200884504251, 127.0433715871909 37.24198724155773)))",127.0461767,37.24425151,0.228276892,0,0.359550562,0.089627465,-0.041646205
다사55a23b,"MULTIPOLYGON (((126.9921829118163 37.30938314718925, 126.9921525972501 37.31388994698563, 126.997795147062 37.31391402792602, 126.9978251248463 37.30940722422549, 126.9921829118163 37.30938314718925)))",126.9949889,37.31164861,0.189522804,0.166666667,0.134831461,0.06880935,-0.043165974
다사57b20b,"MULTIPOLYGON (((127.0205656930179 37.28245985654983, 127.0205371005884 37.28696669618567, 127.0261776634057 37.28698940984814, 127.0262059194951 37.28248256652883, 127.0205656930179 37.28245985654983)))",127.0233716,37.28472465,0.126749652,0.166666667,0.071161049,0.066252739,-0.044825324
다사53b22b,"MULTIPOLYGON (((126.9753189423995 37.30029571612862, 126.9752876314393 37.30480251087701, 126.980929487301 37.3048273908368, 126.9809604616339 37.30032059205436, 126.9753189423995 37.30029571612862)))",126.9781241,37.30256157,0.248078587,0,0.378277154,0.084879474,-0.045319092
다사52a19a,"MULTIPOLYGON (((126.9586204713114 37.26867190129045, 126.958588200798 37.27317870792205, 126.9642276807402 37.27320436555608, 126.9642596151553 37.26869755476304, 126.9586204713114 37.26867190129045)))",126.961424,37.27093815,0.268997107,0,0.400749064,0.085244704,-0.046507253
다사57b16b,"MULTIPOLYGON (((127.0207942034958 37.24640501496612, 127.0207656619319 37.25091188226656, 127.0264035361232 37.25093456647326, 127.0264317419452 37.2464276954928, 127.0207942034958 37.24640501496612)))",127.0235988,37.24866981,0.247053938,0.166666667,0.325842697,0.198758218,-0.046697208
다사55b23a,"MULTIPOLYGON (((126.9978550959584 37.30490041706366, 126.9978251248463 37.30940722422549, 127.0034673445484 37.3094310322737, 127.003496978952 37.30492422125178, 126.9978550959584 37.30490041706366)))",127.0006611,37.30716575,0.213779055,0.166666667,0.202247191,0.108108108,-0.047026695
다사54a21a,"MULTIPOLYGON (((126.9810533432765 37.28680017493334, 126.9810223896201 37.29130698410248, 126.9866632427152 37.29133158315093, 126.9866938599675 37.28682476999275, 126.9810533432765 37.28680017493334)))",126.9838582,37.2890659,0.260256033,0,0.404494382,0.097151205,-0.047087144
다사56a21b,"MULTIPOLYGON (((127.003585842595 37.29140376742249, 127.0035562279738 37.29591058882604, 127.0091974443676 37.29593411643713, 127.0092267225036 37.29142729121847, 127.003585842595 37.29140376742249)))",127.0063916,37.29366896,0.217711877,0.166666667,0.134831461,0.032067202,-0.051719048
다사59b15b,"MULTIPOLYGON (((127.0433987736748 37.23748035288719, 127.0433715871909 37.24198724155773, 127.0490088146264 37.24200884504251, 127.0490356655122 37.23750195286696, 127.0433987736748 37.23748035288719)))",127.0462037,37.23974462,0.216252411,0,0.34082397,0.072680789,-0.05189077
다사60a21a,"MULTIPOLYGON (((127.0487399768265 37.28707757674059, 127.0487130601216 37.29158443090132, 127.0543539900625 37.29160580414651, 127.0543805703453 37.28709894651981, 127.0487399768265 37.28707757674059)))",127.0515469,37.28934171,0.265226407,0.166666667,0.220973783,0.067567568,-0.054846474
다사54a23b,"MULTIPOLYGON (((126.9808985060726 37.3093341861567, 126.9808675179473 37.31384097801391, 126.9865100541869 37.31386559701459, 126.9865407055334 37.30935880116598, 126.9808985060726 37.3093341861567)))",126.9837042,37.31159991,0.24718871,0,0.348314607,0.046165084,-0.054960812
다사59a17a,"MULTIPOLYGON (((127.0376793032658 37.2509791296069, 127.037651762803 37.25548600436052, 127.0432899914257 37.25550788683542, 127.0433171960677 37.25100100853199, 127.0376793032658 37.2509791296069)))",127.0404846,37.25324353,0.263513942,0,0.4082397,0.089627465,-0.055098293
다사56b20b,"MULTIPOLYGON (((127.0092852592285 37.2824136304019, 127.0092559941233 37.28692046254001, 127.014896544136 37.2869437137493, 127.0149254729041 37.28243687784055, 127.0092852592285 37.2824136304019)))",127.0120908,37.28467869,0.153885045,0,0.292134831,0.081665449,-0.056584337
다사54b16a,"MULTIPOLYGON (((126.9869996579788 37.24175644805564, 126.9869691087956 37.24626329582158, 126.9926066080154 37.2462875866247, 126.9926368215406 37.24178073491792, 126.9869996579788 37.24175644805564)))",126.989803,37.24402204,0.113054799,0,0.303370787,0.132943755,-0.057372233
다사58a19b,"MULTIPOLYGON (((127.0262624128095 37.27346886951584, 127.0262341692958 37.27797571975135, 127.0318740657949 37.27799815735963, 127.0319019731167 37.27349130348507, 127.0262624128095 37.27346886951584)))",127.0290682,37.27573353,0.279042958,0,0.359550562,0.021767714,-0.05873989
다사58a20b,"MULTIPOLYGON (((127.0262059194951 37.28248256652883, 127.0261776634057 37.28698940984814, 127.0318182325131 37.28701185473579, 127.0318461522608 37.28250500777658, 127.0262059194951 37.28248256652883)))",127.029012,37.28474723,0.211139377,0.166666667,0.142322097,0.038130022,-0.059719365
다사56b17a,"MULTIPOLYGON (((127.0094899326831 37.25086570857804, 127.0094607131377 37.25537256492938, 127.0150989103618 37.25539578975339, 127.0151277940937 37.25088892963451, 127.0094899326831 37.25086570857804)))",127.0122943,37.25313077,0.208205082,0,0.367041199,0.090284879,-0.068551237
다사53b20b,"MULTIPOLYGON (((126.9754441165698 37.282268502508, 126.9754128334746 37.28677531110692, 126.9810533432765 37.28680017493334, 126.9810842900441 37.28229336230227, 126.9754441165698 37.282268502508)))",126.9782486,37.28453436,0.268778067,0,0.4082397,0.070854638,-0.068606995
다사62a17a,"MULTIPOLYGON (((127.071506749394 37.25110637670441, 127.0714812238773 37.25561327210365, 127.0771194877119 37.25563354372996, 127.0771446773995 37.25112664504223, 127.071506749394 37.25110637670441)))",127.074313,37.25336998,0.282411215,0,0.445692884,0.088093499,-0.07518817
다사57b18b,"MULTIPOLYGON (((127.0206799991165 37.26443246342199, 127.0206514321317 37.26893931689133, 127.0262906500376 37.26896201582247, 127.0263188809816 37.26445515867137, 127.0206799991165 37.26443246342199)))",127.0234852,37.26669726,0.226373101,0.166666667,0.220973783,0.082395909,-0.078871439
다사56b22b,"MULTIPOLYGON (((127.009168159714 37.30044093819586, 127.0091388685413 37.30494775649449, 127.0147807646512 37.30497102279085, 127.0148097191873 37.30046420071978, 127.009168159714 37.30044093819586)))",127.0119744,37.302706,0.22130841,0.166666667,0.224719101,0.089919649,-0.080157709
다사51a18b,"MULTIPOLYGON (((126.9473751406172 37.26411298693841, 126.9473422052434 37.26861978858065, 126.9529813346492 37.26864597922929, 126.9530139340029 37.26413917333898, 126.9473751406172 37.26411298693841)))",126.9501782,37.2663795,0.238194453,0.166666667,0.258426966,0.105405405,-0.081493774
다사50a20b,"MULTIPOLYGON (((126.9359631013818 37.28208695977939, 126.9359294640391 37.28659373893289, 126.9415699235225 37.28662048409914, 126.9416032245492 37.28211370060839, 126.9359631013818 37.28208695977939)))",126.9387664,37.28435374,0.055143447,0.166666667,0.063670412,0.092768444,-0.082425188
다사54a21b,"MULTIPOLYGON (((126.9810223896201 37.29130698410248, 126.980991429073 37.29581378980954, 126.9866326186472 37.29583839284749, 126.9866632427152 37.29133158315093, 126.9810223896201 37.29130698410248)))",126.9838274,37.29357271,0.260529341,0,0.464419476,0.116654492,-0.087235643
다사58b21b,"MULTIPOLYGON (((127.0317903065502 37.29151869823709, 127.0317623743707 37.29602553828035, 127.0374036226038 37.29604772158615, 127.0374312182906 37.29154087794573, 127.0317903065502 37.29151869823709)))",127.0345969,37.29378323,0.082757161,0,0.179775281,0.007231556,-0.089786564
다사62b16b,"MULTIPOLYGON (((127.0771698614815 37.24661974290104, 127.0771446773995 37.25112664504223, 127.0827826110108 37.25114664494583, 127.082807459337 37.24663973956007, 127.0771698614815 37.24661974290104)))",127.0799762,37.24888322,0.265399046,0.166666667,0.29588015,0.095763331,-0.101384439
다사55b20a,"MULTIPOLYGON (((126.9980347826035 37.27785950141396, 126.9980048514915 37.2823663293404, 127.003645052066 37.28239011423485, 127.0036746469188 37.27788328245106, 126.9980347826035 37.27785950141396)))",127.0008398,37.28012483,0.217034246,0.333333333,0.063670412,0.077720964,-0.102248535
다사55b19a,"MULTIPOLYGON (((126.9980946248454 37.26884583518055, 126.9980647070543 37.27335267002729, 127.0037042351852 37.27337644720748, 127.0037338168668 37.26886960850427, 126.9980946248454 37.26884583518055)))",127.0008993,37.27111116,0.158545408,0,0.277153558,0.015120526,-0.103487625
다사54b16b,"MULTIPOLYGON (((126.9869691087956 37.24626329582158, 126.9869385528128 37.25077014012743, 126.9925763877651 37.25079443487184, 126.9926066080154 37.2462875866247, 126.9869691087956 37.24626329582158)))",126.9897727,37.24852889,0.10519716,0,0.254681648,0.044485026,-0.104999462
다사59a16b,"MULTIPOLYGON (((127.0377068375999 37.24647225139701, 127.0376793032658 37.2509791296069, 127.0433171960677 37.25100100853199, 127.0433443946556 37.24649412677271, 127.0377068375999 37.24647225139701)))",127.0405119,37.24873665,0.279242177,0,0.516853933,0.132359386,-0.105252369
다사55a19a,"MULTIPOLYGON (((126.9924554394821 37.2688217932611, 126.992425185583 37.27332862420781, 126.9980647070543 37.27335267002729, 126.9980946248454 37.26884583518055, 126.9924554394821 37.2688217932611)))",126.99526,37.27108725,0.3177519,0,0.546816479,0.120745069,-0.10831951
다사57b21a,"MULTIPOLYGON (((127.0205371005884 37.28696669618567, 127.0205085017941 37.29147353236273, 127.0261494010264 37.29149624970912, 127.0261776634057 37.28698940984814, 127.0205371005884 37.28696669618567)))",127.0233432,37.28923149,0.153310827,0,0.299625468,0.036961286,-0.109353356
다사57b21b,"MULTIPOLYGON (((127.0205085017941 37.29147353236273, 127.0204798966334 37.29598036508088, 127.0261211323555 37.29600308611163, 127.0261494010264 37.29149624970912, 127.0205085017941 37.29147353236273)))",127.0233147,37.29373833,0.17094387,0,0.325842697,0.043316289,-0.111582538
다사52b20b,"MULTIPOLYGON (((126.9641637905825 37.28221797675327, 126.9641318348368 37.28672477715713, 126.9697723306363 37.2867501785145, 126.9698039500577 37.28224337399134, 126.9641637905825 37.28221797675327)))",126.966968,37.2844841,0.068238306,0,0.254681648,0.072680789,-0.113762553
다사60b16b,"MULTIPOLYGON (((127.0546195268505 37.24653707236677, 127.0545929997591 37.25104396109419, 127.0602309104991 37.25106503472954, 127.0602571018401 37.24655814258337, 127.0546195268505 37.24653707236677)))",127.0574251,37.24880108,0.212841408,0.166666667,0.235955056,0.067640614,-0.122139701
다사52b16a,"MULTIPOLYGON (((126.9644510724601 37.24165661729232, 126.9644191806613 37.2461634488596, 126.9700566522338 37.24618881316048, 126.9700882083811 37.24168197747823, 126.9644510724601 37.24165661729232)))",126.9672538,37.24392274,0.243558886,0.166666667,0.378277154,0.176552228,-0.124832706
다사60a16b,"MULTIPOLYGON (((127.0489819577641 37.24651573376292, 127.0489550949237 37.25102261902805, 127.0545929997591 37.25104396109419, 127.0546195268505 37.24653707236677, 127.0489819577641 37.24651573376292)))",127.0517874,37.24877987,0.135890531,0.166666667,0.220973783,0.118480643,-0.133269275
다사50b19a,"MULTIPOLYGON (((126.9417030831689 37.26859332934559, 126.9416698043706 37.27310012323147, 126.9473092625384 37.27312658675866, 126.9473422052434 37.26861978858065, 126.9417030831689 37.26859332934559)))",126.9445061,37.27085998,0.194075953,0,0.441947566,0.11358656,-0.134285053
다사58a16b,"MULTIPOLYGON (((127.0264317419452 37.2464276954928, 127.0264035361232 37.25093456647326, 127.0320414165927 37.25095698225368, 127.0320692866715 37.24645010763673, 127.0264317419452 37.2464276954928)))",127.0292365,37.24869236,0.277604051,0,0.441947566,0.02972973,-0.134613784
다사59b16b,"MULTIPOLYGON (((127.0433443946556 37.24649412677271, 127.0433171960677 37.25100100853199, 127.0489550949237 37.25102261902805, 127.0489819577641 37.24651573376292, 127.0433443946556 37.24649412677271)))",127.0461497,37.24875839,0.270509408,0,0.539325843,0.130021914,-0.138794521
다사60a20a,"MULTIPOLYGON (((127.0487937922662 37.27806385804933, 127.0487668875409 37.2825707191232, 127.0544071447124 37.28259208543686, 127.0544337131652 37.27808522089782, 127.0487937922662 37.27806385804933)))",127.0516004,37.28032799,0.066507532,0,0.299625468,0.09284149,-0.140276446
다사53b20a,"MULTIPOLYGON (((126.9754753927028 37.27776169044684, 126.9754441165698 37.282268502508, 126.9810842900441 37.28229336230227, 126.9811152299243 37.27778654620942, 126.9754753927028 37.27776169044684)))",126.9782798,37.28002755,0.224291632,0.333333333,0.119850187,0.088239591,-0.140652297
다사60b18b,"MULTIPOLYGON (((127.0545133830516 37.2645646065457, 127.0544868323334 37.26907148145209, 127.0601260868223 37.2690925687665, 127.0601523014911 37.26458569043973, 127.0545133830516 37.2645646065457)))",127.0573197,37.26682861,0.279270068,0.166666667,0.288389513,0.033016801,-0.142769311
다사55a17b,"MULTIPOLYGON (((126.9925461607882 37.25530127965922, 126.9925159270832 37.25980812098663, 126.9981544404548 37.2598321551074, 126.9981843382762 37.25532530988131, 126.9925461607882 37.25530127965922)))",126.9953502,37.25756674,0.075551021,0,0.310861423,0.082688093,-0.152622309
다사54b21a,"MULTIPOLYGON (((126.9866938599675 37.28682476999275, 126.9866632427152 37.29133158315093, 126.992304102626 37.29135591338773, 126.9923343834725 37.2868490962841, 126.9866938599675 37.28682476999275)))",126.9894989,37.28909036,0.239920645,0.166666667,0.310861423,0.077136596,-0.160470849
다사56a20a,"MULTIPOLYGON (((127.0036746469188 37.27788328245106, 127.003645052066 37.28239011423485, 127.0092852592285 37.2824136304019, 127.0093145178206 37.27790679480432, 127.0036746469188 37.27788328245106)))",127.0064799,37.28014848,0.227787746,0.333333333,0.127340824,0.072169467,-0.160716945
다사53b16a,"MULTIPOLYGON (((126.9757253513244 37.24170706933476, 126.9756941308301 37.24621390908845, 126.9813316163757 37.24623873664249, 126.9813625012151 37.24173189286091, 126.9757253513244 37.24170706933476)))",126.9785284,37.24397292,0.202059307,0,0.516853933,0.153615778,-0.161178847
다사57b18a,"MULTIPOLYGON (((127.0207085597438 37.25992560649465, 127.0206799991165 37.26443246342199, 127.0263188809816 37.26445515867137, 127.0263471056428 37.25994829806271, 127.0207085597438 37.25992560649465)))",127.0235136,37.2621904,0.264911062,0.166666667,0.325842697,0.060262966,-0.167335336
다사53a20a,"MULTIPOLYGON (((126.969835562442 37.27773656600542, 126.9698039500577 37.28224337399134, 126.9754441165698 37.282268502508, 126.9754753927028 37.27776169044684, 126.969835562442 37.27773656600542)))",126.9726398,37.28000256,0.195318427,0,0.374531835,0.007377648,-0.17183576
다사57a22a,"MULTIPOLYGON (((127.0148386672791 37.29595737518907, 127.0148097191873 37.30046420071978, 127.0204512851048 37.30048719433998, 127.0204798966334 37.29598036508088, 127.0148386672791 37.29595737518907)))",127.0176449,37.29822231,0.213505904,0.333333333,0.108614232,0.056391527,-0.172050135
다사50b19b,"MULTIPOLYGON (((126.9416698043706 37.27310012323147, 126.9416365181646 37.27760691365246, 126.9472763125004 37.27763338147228, 126.9473092625384 37.27312658675866, 126.9416698043706 37.27310012323147)))",126.944473,37.27536677,0.215558536,0,0.456928839,0.067202337,-0.174167966
다사57b19b,"MULTIPOLYGON (((127.020622858788 37.27344616690252, 127.0205942790839 37.27795301345542, 127.0262341692958 37.27797571975135, 127.0262624128095 37.27346886951584, 127.020622858788 37.27344616690252)))",127.0234284,37.27571096,0.20267338,0.333333333,0.138576779,0.093133674,-0.176103058
다사54b22b,"MULTIPOLYGON (((126.986601987762 37.30034519908228, 126.986571350058 37.30485200185517, 126.9922132196355 37.30487634393113, 126.992243520709 37.3003695372114, 126.986601987762 37.30034519908228)))",126.9894075,37.30261079,0.231465001,0.333333333,0.149812734,0.075529584,-0.176151483
다사60a15b,"MULTIPOLYGON (((127.0490356655122 37.23750195286696, 127.0490088146264 37.24200884504251, 127.0546460480386 37.24203018018445, 127.0546725633248 37.23752328454741, 127.0490356655122 37.23750195286696)))",127.0518408,37.23976609,0.253870822,0.166666667,0.310861423,0.045580716,-0.178076552
다사57b17b,"MULTIPOLYGON (((127.0207371140151 37.25541874610946, 127.0207085597438 37.25992560649465, 127.0263471056428 37.25994829806271, 127.0263753240229 37.25544143399662, 127.0207371140151 37.25541874610946)))",127.023542,37.25768354,0.239764476,0.166666667,0.303370787,0.051862673,-0.178410304
다사58a20a,"MULTIPOLYGON (((127.0262341692958 37.27797571975135, 127.0262059194951 37.28248256652883, 127.0318461522608 37.28250500777658, 127.0318740657949 37.27799815735963, 127.0262341692958 37.27797571975135)))",127.0290401,37.28024039,0.222344458,0.166666667,0.243445693,0.009276844,-0.178491057
다사62a17b,"MULTIPOLYGON (((127.0714812238773 37.25561327210365, 127.0714556926788 37.26012016404888, 127.0770942924172 37.26014043896409, 127.0771194877119 37.25563354372996, 127.0714812238773 37.25561327210365)))",127.0742877,37.25787688,0.261620879,0.333333333,0.205992509,0.098685172,-0.179019792
다사61a18b,"MULTIPOLYGON (((127.0601523014911 37.26458569043973, 127.0601260868223 37.2690925687665, 127.0657653471464 37.269113387475, 127.0657912257645 37.26460650577145, 127.0601523014911 37.26458569043973)))",127.0629587,37.26684956,0.210668604,0.166666667,0.303370787,0.07852447,-0.180844379
다사54a16a,"MULTIPOLYGON (((126.9813625012151 37.24173189286091, 126.9813316163757 37.24623873664249, 126.9869691087956 37.24626329582158, 126.9869996579788 37.24175644805564, 126.9813625012151 37.24173189286091)))",126.9841657,37.24399762,0.078293289,0,0.43071161,0.166106647,-0.186311674
다사58a17a,"MULTIPOLYGON (((127.0264035361232 37.25093456647326, 127.0263753240229 37.25544143399662, 127.0320135403104 37.25546385341395, 127.0320414165927 37.25095698225368, 127.0264035361232 37.25093456647326)))",127.0292085,37.25319923,0.254003821,0.166666667,0.284644195,0.009788167,-0.187518873
다사58b17b,"MULTIPOLYGON (((127.0320135403104 37.25546385341395, 127.0319856578231 37.25997072111738, 127.0376242162098 37.25999287565772, 127.037651762803 37.25548600436052, 127.0320135403104 37.25546385341395)))",127.0348188,37.25772839,0.293448742,0.333333333,0.224719101,0.075164354,-0.189439339
다사56b21a,"MULTIPOLYGON (((127.0092559941233 37.28692046254001, 127.0092267225036 37.29142729121847, 127.0148676089282 37.29145054619886, 127.014896544136 37.2869437137493, 127.0092559941233 37.28692046254001)))",127.0120617,37.28918553,0.175802377,0.166666667,0.258426966,0.059459459,-0.189831796
다사59b19b,"MULTIPOLYGON (((127.0431811122886 37.27353536548761, 127.0431538773549 37.27804222650952, 127.0487937922662 37.27806385804933, 127.0488206910036 37.27355699351909, 127.0431811122886 37.27353536548761)))",127.0459874,37.27579963,0.273389488,0.333333333,0.224719101,0.091599708,-0.193063239
다사56b21b,"MULTIPOLYGON (((127.0092267225036 37.29142729121847, 127.0091974443676 37.29593411643713, 127.0148386672791 37.29595737518907, 127.0148676089282 37.29145054619886, 127.0092267225036 37.29142729121847)))",127.0120326,37.29369235,0.197360386,0.166666667,0.25093633,0.025785245,-0.194457365
다사51b19b,"MULTIPOLYGON (((126.9529487280391 37.27315278165588, 126.9529161141709 37.27765958061858, 126.9585559231012 37.27768551109024, 126.958588200798 37.27317870792205, 126.9529487280391 37.27315278165588)))",126.9557522,37.27541917,0.266784483,0,0.520599251,0.055076698,-0.198738069
다사56b23a,"MULTIPOLYGON (((127.0091388685413 37.30494775649449, 127.0091095708478 37.30945457133289, 127.0147518036693 37.30947784140211, 127.0147807646512 37.30497102279085, 127.0091388685413 37.30494775649449)))",127.0119453,37.30721282,0.23911038,0.333333333,0.239700375,0.133747261,-0.200176067
다사58b20a,"MULTIPOLYGON (((127.0318740657949 37.27799815735963, 127.0318461522608 37.28250500777658, 127.0374863912403 37.28252718029217, 127.0375139685062 37.27802032627933, 127.0318740657949 37.27799815735963)))",127.0346801,37.28026269,0.248680247,0.333333333,0.243445693,0.127465303,-0.200633476
다사57b20a,"MULTIPOLYGON (((127.0205942790839 37.27795301345542, 127.0205656930179 37.28245985654983, 127.0262059194951 37.28248256652883, 127.0262341692958 37.27797571975135, 127.0205942790839 37.27795301345542)))",127.0234,37.28021781,0.1510459,0.333333333,0.08988764,0.070416362,-0.201758711
다사54b17a,"MULTIPOLYGON (((126.9869385528128 37.25077014012743, 126.9869079900285 37.25527698097306, 126.9925461607882 37.25530127965922, 126.9925763877651 37.25079443487184, 126.9869385528128 37.25077014012743)))",126.9897423,37.25303573,0.009235466,0,0.25093633,0.039883126,-0.201817737
다사55b18a,"MULTIPOLYGON (((126.9981544404548 37.2598321551074, 126.9981245359784 37.26433899687385, 127.003763391965 37.26436276634158, 127.0037929604814 37.25985592071955, 126.9981544404548 37.2598321551074)))",127.0009588,37.26209748,0.234744646,0,0.554307116,0.112929145,-0.206633324
다사59a17b,"MULTIPOLYGON (((127.037651762803 37.25548600436052, 127.0376242162098 37.25999287565772, 127.0432627807282 37.26001476168285, 127.0432899914257 37.25550788683542, 127.037651762803 37.25548600436052)))",127.0404572,37.2577504,0.277813919,0.333333333,0.262172285,0.111029949,-0.20666175
다사57b19a,"MULTIPOLYGON (((127.0206514321317 37.26893931689133, 127.020622858788 37.27344616690252, 127.0262624128095 37.27346886951584, 127.0262906500376 37.26896201582247, 127.0206514321317 37.26893931689133)))",127.0234568,37.27120411,0.216167724,0.333333333,0.164794007,0.0752374,-0.206722217
다사56a21a,"MULTIPOLYGON (((127.0036154506253 37.28689694255873, 127.003585842595 37.29140376742249, 127.0092267225036 37.29142729121847, 127.0092559941233 37.28692046254001, 127.0036154506253 37.28689694255873)))",127.006421,37.28916214,0.208715074,0.333333333,0.164794007,0.082688093,-0.206724173
다사58a21b,"MULTIPOLYGON (((127.0261494010264 37.29149624970912, 127.0261211323555 37.29600308611163, 127.0317623743707 37.29602553828035, 127.0317903065502 37.29151869823709, 127.0261494010264 37.29149624970912)))",127.0289558,37.29376092,0.193919038,0.333333333,0.123595506,0.055003652,-0.208006149
다사60a21b,"MULTIPOLYGON (((127.0487130601216 37.29158443090132, 127.0486861374248 37.29609128160528, 127.0543274038627 37.29611265831682, 127.0543539900625 37.29160580414651, 127.0487130601216 37.29158443090132)))",127.0515201,37.29384857,0.275535827,0,0.546816479,0.055734112,-0.21554654
다사59a19b,"MULTIPOLYGON (((127.0375415396346 37.27351346880931, 127.0375139685062 37.27802032627933, 127.0431538773549 37.27804222650952, 127.0431811122886 37.27353536548761, 127.0375415396346 37.27351346880931)))",127.0403476,37.27577787,0.238798261,0.333333333,0.217228464,0.083783784,-0.227979753
다사57a15b,"MULTIPOLYGON (((127.015214406729 37.23736832853056, 127.0151855422758 37.24187519902294, 127.0208227387081 37.2418981442083, 127.0208512675704 37.23739126999322, 127.015214406729 37.23736832853056)))",127.0180185,37.23963326,0.212183317,0,0.490636704,0.047845142,-0.230608245
다사59a18b,"MULTIPOLYGON (((127.037596663485 37.26449974349836, 127.0375691046271 37.26900660788227, 127.043208341161 37.26902850100909, 127.0432355639738 37.26452163307412, 127.037596663485 37.26449974349836)))",127.0404024,37.26676414,0.278064611,0.333333333,0.213483146,0.032724617,-0.236027252
다사60a23a,"MULTIPOLYGON (((127.0486322740495 37.30510497264218, 127.0486053333684 37.30961181297483, 127.0542476097469 37.30963320008792, 127.0542742137062 37.30512635628769, 127.0486322740495 37.30510497264218)))",127.0514399,37.30736911,0.249075288,0,0.674157303,0.188897005,-0.236185011
다사56a19b,"MULTIPOLYGON (((127.0037042351852 37.27337644720748, 127.0036746469188 37.27788328245106, 127.0093145178206 37.27790679480432, 127.0093437699011 37.27339995574739, 127.0037042351852 37.27337644720748)))",127.0065093,37.27564164,0.172482539,0.333333333,0.116104869,0.039225712,-0.237729951
다사53a20b,"MULTIPOLYGON (((126.9698039500577 37.28224337399134, 126.9697723306363 37.2867501785145, 126.9754128334746 37.28677531110692, 126.9754441165698 37.282268502508, 126.9698039500577 37.28224337399134)))",126.9726083,37.28450936,0.232785185,0.333333333,0.228464419,0.08312637,-0.245886198
다사54b20b,"MULTIPOLYGON (((126.9867244704057 37.2823179533731, 126.9866938599675 37.28682476999275, 126.9923343834725 37.2868490962841, 126.9923646575798 37.28234227571947, 126.9867244704057 37.2823179533731)))",126.9895293,37.28458355,0.237375945,0.166666667,0.359550562,0.041271001,-0.247570282
다사57a19a,"MULTIPOLYGON (((127.0150122205847 37.26891634936062, 127.0149833111269 37.27342319564606, 127.020622858788 37.27344616690252, 127.0206514321317 37.26893931689133, 127.0150122205847 37.26891634936062)))",127.0178175,37.27118128,0.1849072,0.166666667,0.325842697,0.058509861,-0.249092302
다사60b21b,"MULTIPOLYGON (((127.0543539900625 37.29160580414651, 127.0543274038627 37.29611265831682, 127.0599686762191 37.29613376616183, 127.0599949259205 37.29162690856875, 127.0543539900625 37.29160580414651)))",127.0571612,37.29386981,0.258860971,0,0.610486891,0.098977356,-0.252648564
다사53b15b,"MULTIPOLYGON (((126.9757565648711 37.2372002261202, 126.9757253513244 37.24170706933476, 126.9813625012151 37.24173189286091, 126.9813933791818 37.23722504561891, 126.9757565648711 37.2372002261202)))",126.9785594,37.23946608,0.102572393,0,0.513108614,0.156537619,-0.253998603
다사56a19a,"MULTIPOLYGON (((127.0037338168668 37.26886960850427, 127.0037042351852 37.27337644720748, 127.0093437699011 37.27339995574739, 127.0093730154715 37.26889311323128, 127.0037338168668 37.26886960850427)))",127.0065387,37.2711348,0.178207149,0.166666667,0.310861423,0.036669102,-0.262651839
다사54a17a,"MULTIPOLYGON (((126.9813007246617 37.25074557696352, 126.9812698260717 37.25525241382385, 126.9869079900285 37.25527698097306, 126.9869385528128 37.25077014012743, 126.9813007246617 37.25074557696352)))",126.9841043,37.2530113,0.184431264,0.166666667,0.310861423,0.027757487,-0.265339339
다사53b16b,"MULTIPOLYGON (((126.9756941308301 37.24621390908845, 126.9756629033867 37.25072074538111, 126.9813007246617 37.25074557696352, 126.9813316163757 37.24623873664249, 126.9756941308301 37.24621390908845)))",126.9784973,37.24847976,0.229118024,0.333333333,0.228464419,0.060482104,-0.272197625
다사53b22a,"MULTIPOLYGON (((126.975350246391 37.29578891791738, 126.9753189423995 37.30029571612862, 126.9809604616339 37.30032059205436, 126.980991429073 37.29581378980954, 126.975350246391 37.29578891791738)))",126.9781553,37.29805478,0.228333996,0.166666667,0.475655431,0.136157779,-0.277830322
다사52a21b,"MULTIPOLYGON (((126.9584590468939 37.29120589981292, 126.9584267404469 37.29571268912601, 126.964067902003 37.29573836757456, 126.9640998719775 37.2912315740976, 126.9584590468939 37.29120589981292)))",126.9612634,37.29347216,0.174536842,0.166666667,0.423220974,0.134404675,-0.280946123
다사56a18a,"MULTIPOLYGON (((127.0037929604814 37.25985592071955, 127.003763391965 37.26436276634158, 127.0094022545334 37.26438626725614, 127.0094314870883 37.25987941782212, 127.0037929604814 37.25985592071955)))",127.0065975,37.26212112,0.229747444,0.166666667,0.441947566,0.091088386,-0.287778402
다사55b22a,"MULTIPOLYGON (((126.9979150181725 37.29588679235673, 126.9978850604 37.30039360644069, 127.0035266067599 37.30041740676917, 127.0035562279738 37.29591058882604, 126.9979150181725 37.29588679235673)))",127.0007207,37.29815212,0.238270918,0.333333333,0.262172285,0.067859752,-0.289374948
다사61a17a,"MULTIPOLYGON (((127.0602309104991 37.25106503472954, 127.0602047133281 37.25557192342112, 127.0658429657244 37.25559273200041, 127.065868827069 37.25108583993325, 127.0602309104991 37.25106503472954)))",127.0630369,37.2533289,0.261733574,0.5,0.194756554,0.142731921,-0.29029106
다사54b18b,"MULTIPOLYGON (((126.9868468440496 37.26429065228294, 126.9868162608518 37.26879748274692, 126.9924554394821 37.2688217932611, 126.9924856866483 37.26431495885399, 126.9868468440496 37.26429065228294)))",126.9896511,37.26655624,0.171313568,0.333333333,0.243445693,0.112490869,-0.292974589
다사60b16a,"MULTIPOLYGON (((127.0546460480386 37.24203018018445, 127.0546195268505 37.24653707236677, 127.0602571018401 37.24655814258337, 127.0602832873526 37.24205124698269, 127.0546460480386 37.24203018018445)))",127.0574515,37.24429418,0.25458999,0.166666667,0.43071161,0.049525201,-0.293263086
다사57a20a,"MULTIPOLYGON (((127.0149543952338 37.27793003847275, 127.0149254729041 37.28243687784055, 127.0205656930179 37.28245985654983, 127.0205942790839 37.27795301345542, 127.0149543952338 37.27793003847275)))",127.01776,37.28019497,0.057423253,0,0.397003745,0.041344047,-0.298236445
다사57a19b,"MULTIPOLYGON (((127.0149833111269 37.27342319564606, 127.0149543952338 37.27793003847275, 127.0205942790839 37.27795301345542, 127.020622858788 37.27344616690252, 127.0149833111269 37.27342319564606)))",127.0177887,37.27568813,0.206610435,0.166666667,0.415730337,0.071658145,-0.304128424
다사56a17b,"MULTIPOLYGON (((127.0038225224176 37.25534907163836, 127.0037929604814 37.25985592071955, 127.0094314870883 37.25987941782212, 127.0094607131377 37.25537256492938, 127.0038225224176 37.25534907163836)))",127.0066269,37.25761427,0.19647933,0.166666667,0.449438202,0.114901388,-0.304724151
다사55a18a,"MULTIPOLYGON (((126.9925159270832 37.25980812098663, 126.9924856866483 37.26431495885399, 126.9981245359784 37.26433899687385, 126.9981544404548 37.2598321551074, 126.9925159270832 37.25980812098663)))",126.9953201,37.26207358,0.125443544,0,0.535580524,0.104821037,-0.305315943
다사54b23a,"MULTIPOLYGON (((126.986571350058 37.30485200185517, 126.9865407055334 37.30935880116598, 126.9921829118163 37.30938314718925, 126.9922132196355 37.30487634393113, 126.986571350058 37.30485200185517)))",126.989377,37.3071176,0.206265983,0.333333333,0.205992509,0.027538349,-0.305521511
다사57a20b,"MULTIPOLYGON (((127.0149254729041 37.28243687784055, 127.014896544136 37.2869437137493, 127.0205371005884 37.28696669618567, 127.0205656930179 37.28245985654983, 127.0149254729041 37.28243687784055)))",127.0177312,37.28470181,0.121553736,0.166666667,0.310861423,0.044192841,-0.311781513
다사52a17b,"MULTIPOLYGON (((126.9587172397686 37.25515146061682, 126.9586849907951 37.25965827763768, 126.9643234626668 37.25968392278886, 126.9643553757663 37.25517710160803, 126.9587172397686 37.25515146061682)))",126.9615203,37.25741771,0.180366021,0,0.670411985,0.156172389,-0.333873575
다사56a22b,"MULTIPOLYGON (((127.0035266067599 37.30041740676917, 127.003496978952 37.30492422125178, 127.0091388685413 37.30494775649449, 127.009168159714 37.30044093819586, 127.0035266067599 37.30041740676917)))",127.0063327,37.3026826,0.253425967,0.5,0.164794007,0.076406136,-0.334961905
다사58a15b,"MULTIPOLYGON (((127.0264881347604 37.23741394316114, 127.0264599414905 37.24192082105537, 127.0320971505482 37.24194322956325, 127.0321250082242 37.23743634803338, 127.0264881347604 37.23741394316114)))",127.0292926,37.23967861,0.209463875,0.333333333,0.325842697,0.114243974,-0.335468182
다사51b19a,"MULTIPOLYGON (((126.9529813346492 37.26864597922929, 126.9529487280391 37.27315278165588, 126.958588200798 37.27317870792205, 126.9586204713114 37.26867190129045, 126.9529813346492 37.26864597922929)))",126.9557847,37.27091236,0.24142779,0.166666667,0.464419476,0.053981008,-0.335677345
다사56a22a,"MULTIPOLYGON (((127.0035562279738 37.29591058882604, 127.0035266067599 37.30041740676917, 127.009168159714 37.30044093819586, 127.0091974443676 37.29593411643713, 127.0035562279738 37.29591058882604)))",127.0063621,37.29817578,0.245237891,0.166666667,0.456928839,0.038860482,-0.339497132
다사53a19b,"MULTIPOLYGON (((126.9698671677909 37.27322975455694, 126.969835562442 37.27773656600542, 126.9754753927028 37.27776169044684, 126.9755066618754 37.27325487492357, 126.9698671677909 37.27322975455694)))",126.9726712,37.27549574,0.216519749,0.333333333,0.269662921,0.046165084,-0.340311422
다사57a22b,"MULTIPOLYGON (((127.0148097191873 37.30046420071978, 127.0147807646512 37.30497102279085, 127.0204226672069 37.30499402013986, 127.0204512851048 37.30048719433998, 127.0148097191873 37.30046420071978)))",127.0176161,37.30272913,0.235257318,0.5,0.198501873,0.12220599,-0.341038565
다사56b19a,"MULTIPOLYGON (((127.0093730154715 37.26889311323128, 127.0093437699011 37.27339995574739, 127.0149833111269 37.27342319564606, 127.0150122205847 37.26891634936062, 127.0093730154715 37.26889311323128)))",127.0121781,37.27115818,0.189906539,0.166666667,0.393258427,0.028707085,-0.341311469
다사57a21a,"MULTIPOLYGON (((127.014896544136 37.2869437137493, 127.0148676089282 37.29145054619886, 127.0205085017941 37.29147353236273, 127.0205371005884 37.28696669618567, 127.014896544136 37.2869437137493)))",127.0177024,37.28920864,0.162708995,0.333333333,0.247191011,0.073046019,-0.344769331
다사57a21b,"MULTIPOLYGON (((127.0148676089282 37.29145054619886, 127.0148386672791 37.29595737518907, 127.0204798966334 37.29598036508088, 127.0205085017941 37.29147353236273, 127.0148676089282 37.29145054619886)))",127.0176737,37.29371548,0.163631338,0.333333333,0.258426966,0.074872169,-0.353256792
다사58b16b,"MULTIPOLYGON (((127.0320692866715 37.24645010763673, 127.0320414165927 37.25095698225368, 127.0376793032658 37.2509791296069, 127.0377068375999 37.24647225139701, 127.0320692866715 37.24645010763673)))",127.0348742,37.24871464,0.281155237,0.166666667,0.576779026,0.100292184,-0.361998272
다사55a20b,"MULTIPOLYGON (((126.9923646575798 37.28234227571947, 126.9923343834725 37.2868490962841, 126.9979749137167 37.28687315380643, 126.9980048514915 37.2823663293404, 126.9923646575798 37.28234227571947)))",126.9951697,37.28460774,0.25465658,0.333333333,0.337078652,0.04514244,-0.370612965
다사57a18a,"MULTIPOLYGON (((127.0150700202007 37.25990264641415, 127.0150411236088 37.2644094996166, 127.0206799991165 37.26443246342199, 127.0207085597438 37.25992560649465, 127.0150700202007 37.25990264641415)))",127.0178749,37.26216758,0.227236436,0.5,0.172284644,0.070416362,-0.374631846
다사58b17a,"MULTIPOLYGON (((127.0320414165927 37.25095698225368, 127.0320135403104 37.25546385341395, 127.037651762803 37.25548600436052, 127.0376793032658 37.2509791296069, 127.0320414165927 37.25095698225368)))",127.0348465,37.25322151,0.269547431,0.333333333,0.36329588,0.040905771,-0.386176011
다사55a21b,"MULTIPOLYGON (((126.992304102626 37.29135591338773, 126.9922738150387 37.29586272703022, 126.9979150181725 37.29588679235673, 126.9979449692776 37.29137997481192, 126.992304102626 37.29135591338773)))",126.9951095,37.29362137,0.271553393,0.333333333,0.397003745,0.058363769,-0.400419917
다사56b18b,"MULTIPOLYGON (((127.0094022545334 37.26438626725614, 127.0093730154715 37.26889311323128, 127.0150122205847 37.26891634936062, 127.0150411236088 37.2644094996166, 127.0094022545334 37.26438626725614)))",127.0122072,37.26665133,0.183409509,0.333333333,0.288389513,0.027027027,-0.41128631
다사56b17b,"MULTIPOLYGON (((127.0094607131377 37.25537256492938, 127.0094314870883 37.25987941782212, 127.0150700202007 37.25990264641415, 127.0150989103618 37.25539578975339, 127.0094607131377 37.25537256492938)))",127.0122653,37.25763763,0.195691343,0.5,0.217228464,0.105478451,-0.41605867
다사60b15b,"MULTIPOLYGON (((127.0546725633248 37.23752328454741, 127.0546460480386 37.24203018018445, 127.0602832873526 37.24205124698269, 127.0603094670379 37.23754434792769, 127.0546725633248 37.23752328454741)))",127.0574778,37.23978729,0.237032885,0.333333333,0.374531835,0.031409788,-0.439422495
다사59b22a,"MULTIPOLYGON (((127.0430448769802 37.29606963602809, 127.0430176117194 37.30057647976471, 127.0486592087345 37.30059812885228, 127.0486861374248 37.29609128160528, 127.0430448769802 37.29606963602809)))",127.045852,37.2983339,0.303051977,0,0.850187266,0.102483565,-0.444651725
다사54a22a,"MULTIPOLYGON (((126.980991429073 37.29581378980954, 126.9809604616339 37.30032059205436, 126.986601987762 37.30034519908228, 126.9866326186472 37.29583839284749, 126.980991429073 37.29581378980954)))",126.9837966,37.29807952,0.273997855,0.333333333,0.501872659,0.105624543,-0.455583594
다사56b18a,"MULTIPOLYGON (((127.0094314870883 37.25987941782212, 127.0094022545334 37.26438626725614, 127.0150411236088 37.2644094996166, 127.0150700202007 37.25990264641415, 127.0094314870883 37.25987941782212)))",127.0122362,37.26214448,0.187847218,0.333333333,0.389513109,0.078086194,-0.45691303
다사59b18a,"MULTIPOLYGON (((127.0432627807282 37.26001476168285, 127.0432355639738 37.26452163307412, 127.0488744705209 37.26454325409021, 127.0489013513036 37.26003637919184, 127.0432627807282 37.26001476168285)))",127.0460685,37.26227903,0.244313807,0.5,0.31835206,0.099926954,-0.474111299
다사57a17a,"MULTIPOLYGON (((127.0151277940937 37.25088892963451, 127.0150989103618 37.25539578975339, 127.0207371140151 37.25541874610946, 127.0207656619319 37.25091188226656, 127.0151277940937 37.25088892963451)))",127.0179324,37.25315386,0.229803226,0.5,0.310861423,0.100949598,-0.480108599
다사60a19a,"MULTIPOLYGON (((127.0488475837548 37.26905012553267, 127.0488206910036 37.27355699351909, 127.0544602757051 37.27357835290286, 127.0544868323334 37.26907148145209, 127.0488475837548 37.26905012553267)))",127.0516538,37.27131426,0.242651994,0.5,0.277153558,0.028926224,-0.505575341
다사58a17b,"MULTIPOLYGON (((127.0263753240229 37.25544143399662, 127.0263471056428 37.25994829806271, 127.0319856578231 37.25997072111738, 127.0320135403104 37.25546385341395, 127.0263753240229 37.25544143399662)))",127.0291804,37.2577061,0.237020528,0.5,0.292134831,0.049379109,-0.505735194
다사55b21b,"MULTIPOLYGON (((126.9979449692776 37.29137997481192, 126.9979150181725 37.29588679235673, 127.0035562279738 37.29591058882604, 127.003585842595 37.29140376742249, 126.9979449692776 37.29137997481192)))",127.0007505,37.2936453,0.202669899,0.666666667,0.112359551,0.069758948,-0.50659737
다사62b17a,"MULTIPOLYGON (((127.0771446773995 37.25112664504223, 127.0771194877119 37.25563354372996, 127.0827577571536 37.25565354687852, 127.0827826110108 37.25114664494583, 127.0771446773995 37.25112664504223)))",127.0799511,37.25339012,0.2747613,0.5,0.367041199,0.072242513,-0.520037385
다사58a22a,"MULTIPOLYGON (((127.0261211323555 37.29600308611163, 127.0260928573917 37.30050991905549, 127.0317344359731 37.30053237486541, 127.0317623743707 37.29602553828035, 127.0261211323555 37.29600308611163)))",127.0289277,37.29826775,0.164643,0.5,0.280898876,0.095032871,-0.521223005
다사57b15a,"MULTIPOLYGON (((127.0208797900842 37.23288439232105, 127.0208512675704 37.23739126999322, 127.0264881347604 37.23741394316114, 127.0265163217564 37.23290706181023, 127.0208797900842 37.23288439232105)))",127.0236839,37.23514919,0.171939313,0.333333333,0.509363296,0.100949598,-0.569807718
다사51b18b,"MULTIPOLYGON (((126.9530139340029 37.26413917333898, 126.9529813346492 37.26864597922929, 126.9586204713114 37.26867190129045, 126.9586527346433 37.26416509119561, 126.9530139340029 37.26413917333898)))",126.9558171,37.26640556,0.233094454,0.5,0.411985019,0.094521549,-0.584369016
다사57a16b,"MULTIPOLYGON (((127.0151566713978 37.24638206605763, 127.0151277940937 37.25088892963451, 127.0207656619319 37.25091188226656, 127.0207942034958 37.24640501496612, 127.0151566713978 37.24638206605763)))",127.0179611,37.248647,0.229211995,0.5,0.397003745,0.078816654,-0.588975095
다사55b21a,"MULTIPOLYGON (((126.9979749137167 37.28687315380643, 126.9979449692776 37.29137997481192, 127.003585842595 37.29140376742249, 127.0036154506253 37.28689694255873, 126.9979749137167 37.28687315380643)))",127.0007803,37.28913848,0.238325661,0.666666667,0.254681648,0.092622352,-0.590400302
다사59b23a,"MULTIPOLYGON (((127.0429903403889 37.30508332004382, 127.0429630629874 37.30959015686527, 127.0486053333684 37.30961181297483, 127.0486322740495 37.30510497264218, 127.0429903403889 37.30508332004382)))",127.0457978,37.30734759,0.228245316,0,1,0.175018262,-0.596736422
다사53a22b,"MULTIPOLYGON (((126.9696774301338 37.30027057130611, 126.969645782548 37.30477736197684, 126.9752876314393 37.30480251087701, 126.9753189423995 37.30029571612862, 126.9696774301338 37.30027057130611)))",126.9724824,37.30253656,0.209712826,0.333333333,0.524344569,0.039663988,-0.608301089
다사54b21b,"MULTIPOLYGON (((126.9866632427152 37.29133158315093, 126.9866326186472 37.29583839284749, 126.9922738150387 37.29586272703022, 126.992304102626 37.29135591338773, 126.9866632427152 37.29133158315093)))",126.9894684,37.29359718,0.264068002,0.5,0.468164794,0.084002922,-0.62009387
다사62a16b,"MULTIPOLYGON (((127.0715322692303 37.24659947785134, 127.071506749394 37.25110637670441, 127.0771446773995 37.25112664504223, 127.0771698614815 37.24661974290104, 127.0715322692303 37.24659947785134)))",127.0743384,37.24886308,0.233026866,0.666666667,0.333333333,0.092914536,-0.674058598
다사55b18b,"MULTIPOLYGON (((126.9981245359784 37.26433899687385, 126.9980946248454 37.26884583518055, 127.0037338168668 37.26886960850427, 127.003763391965 37.26436276634158, 126.9981245359784 37.26433899687385)))",127.0009291,37.26660432,0.140992828,0.666666667,0.277153558,0.060336012,-0.742491385
다사53a22a,"MULTIPOLYGON (((126.9697090706761 37.29576377717205, 126.9696774301338 37.30027057130611, 126.9753189423995 37.30029571612862, 126.975350246391 37.29578891791738, 126.9697090706761 37.29576377717205)))",126.9725139,37.29802977,0.17313927,0.5,0.426966292,0,-0.753827022
다사59b18b,"MULTIPOLYGON (((127.0432355639738 37.26452163307412, 127.043208341161 37.26902850100909, 127.0488475837548 37.26905012553267, 127.0488744705209 37.26454325409021, 127.0432355639738 37.26452163307412)))",127.0460415,37.2667859,0.258794092,1,0.123595506,0.0917458,-0.773055614
다사52b22b,"MULTIPOLYGON (((126.9640359249117 37.30024515758785, 126.9640039407019 37.30475194413733, 126.969645782548 37.30477736197684, 126.9696774301338 37.30027057130611, 126.9640359249117 37.30024515758785)))",126.9668408,37.30251128,0.212466973,1,0.352059925,0.058875091,-1.080717861
