gid,ratio,geometry,경도,위도
다사59a21a,0.944444444,"MULTIPOLYGON (((127.0374588078356 37.28703403084769, 127.0374312182906 37.29154087794573, 127.0430721361727 37.29156278883411, 127.0430993892984 37.28705593818292, 127.0374588078356 37.28703403084769)))",127.0402654,37.28929843
다사61b21a,0.590163934,"MULTIPOLYGON (((127.065661775055 37.28714087973933, 127.0656358676206 37.29164774416718, 127.0712768150881 37.29166831094096, 127.0713023860962 37.28716144317791, 127.065661775055 37.28714087973933)))",127.0684692,37.28940462
다사54a18a,0.541666667,"MULTIPOLYGON (((126.981238920604 37.2597592472233, 126.981208008257 37.26426607716173, 126.9868468440496 37.26429065228294, 126.9868774204413 37.25978381835828, 126.981238920604 37.2597592472233)))",126.9840428,37.26202497
다사53a16b,0.5,"MULTIPOLYGON (((126.9700566522338 37.24618881316048, 126.9700250890626 37.25069564538121, 126.9756629033867 37.25072074538111, 126.9756941308301 37.24621390908845, 126.9700566522338 37.24618881316048)))",126.9728597,37.2484548
다사54a24b,0.47311828,"MULTIPOLYGON (((126.9808365229234 37.31834776640827, 126.9808055209992 37.32285455133965, 126.9864487310212 37.32287917832451, 126.9864793960167 37.31837238940081, 126.9808365229234 37.31834776640827)))",126.9836425,37.32061349
다사59b21a,0.470836856,"MULTIPOLYGON (((127.0430993892984 37.28705593818292, 127.0430721361727 37.29156278883411, 127.0487130601216 37.29158443090132, 127.0487399768265 37.28707757674059, 127.0430993892984 37.28705593818292)))",127.0459061,37.28932021
다사60a19b,0.44520548,"MULTIPOLYGON (((127.0488206910036 37.27355699351909, 127.0487937922662 37.27806385804933, 127.0544337131652 37.27808522089782, 127.0544602757051 37.27357835290286, 127.0488206910036 37.27355699351909)))",127.0516271,37.27582113
다사59a22a,0.445182724,"MULTIPOLYGON (((127.0374036226038 37.29604772158615, 127.0373760207739 37.30055456176879, 127.0430176117194 37.30057647976471, 127.0430448769802 37.29606963602809, 127.0374036226038 37.29604772158615)))",127.0402105,37.29831212
다사58a18a,0.444761226,"MULTIPOLYGON (((127.0263471056428 37.25994829806271, 127.0263188809816 37.26445515867137, 127.0319577691293 37.2644775853638, 127.0319856578231 37.25997072111738, 127.0263471056428 37.25994829806271)))",127.0291524,37.26221296
다사60b20b,0.442052222,"MULTIPOLYGON (((127.0544071447124 37.28259208543686, 127.0543805703453 37.28709894651981, 127.0600211697797 37.28712004751966, 127.0600474077982 37.28261318301475, 127.0544071447124 37.28259208543686)))",127.0572141,37.28485609
다사58b18a,0.435869565,"MULTIPOLYGON (((127.0319856578231 37.25997072111738, 127.0319577691293 37.2644775853638, 127.037596663485 37.26449974349836, 127.0376242162098 37.25999287565772, 127.0319856578231 37.25997072111738)))",127.0347911,37.26223525
다사55a19a,0.430416069,"MULTIPOLYGON (((126.9924554394821 37.2688217932611, 126.992425185583 37.27332862420781, 126.9980647070543 37.27335267002729, 126.9980946248454 37.26884583518055, 126.9924554394821 37.2688217932611)))",126.99526,37.27108725
다사59b22a,0.419340659,"MULTIPOLYGON (((127.0430448769802 37.29606963602809, 127.0430176117194 37.30057647976471, 127.0486592087345 37.30059812885228, 127.0486861374248 37.29609128160528, 127.0430448769802 37.29606963602809)))",127.045852,37.2983339
다사58b17b,0.412105263,"MULTIPOLYGON (((127.0320135403104 37.25546385341395, 127.0319856578231 37.25997072111738, 127.0376242162098 37.25999287565772, 127.037651762803 37.25548600436052, 127.0320135403104 37.25546385341395)))",127.0348188,37.25772839
다사60a18a,0.404825737,"MULTIPOLYGON (((127.0489013513036 37.26003637919184, 127.0488744705209 37.26454325409021, 127.0545133830516 37.2645646065457, 127.054539927861 37.26005772818382, 127.0489013513036 37.26003637919184)))",127.0517073,37.26230051
다사58b18b,0.404531456,"MULTIPOLYGON (((127.0319577691293 37.2644775853638, 127.0319298742277 37.26898444615309, 127.0375691046271 37.26900660788227, 127.037596663485 37.26449974349836, 127.0319577691293 37.2644775853638)))",127.0347634,37.26674212
다사62a17a,0.403789224,"MULTIPOLYGON (((127.071506749394 37.25110637670441, 127.0714812238773 37.25561327210365, 127.0771194877119 37.25563354372996, 127.0771446773995 37.25112664504223, 127.071506749394 37.25110637670441)))",127.074313,37.25336998
다사62a21a,0.403783194,"MULTIPOLYGON (((127.0713023860962 37.28716144317791, 127.0712768150881 37.29166831094096, 127.0769177682479 37.29168860888922, 127.0769430028284 37.28718173783459, 127.0713023860962 37.28716144317791)))",127.07411,37.28942505
다사52b16b,0.402922756,"MULTIPOLYGON (((126.9644191806613 37.2461634488596, 126.9643872817639 37.25067027696488, 126.9700250890626 37.25069564538121, 126.9700566522338 37.24618881316048, 126.9644191806613 37.2461634488596)))",126.9672221,37.24842957
다사58b16b,0.402842928,"MULTIPOLYGON (((127.0320692866715 37.24645010763673, 127.0320414165927 37.25095698225368, 127.0376793032658 37.2509791296069, 127.0377068375999 37.24647225139701, 127.0320692866715 37.24645010763673)))",127.0348742,37.24871464
다사53b15a,0.402630463,"MULTIPOLYGON (((126.9757877714718 37.2326933794449, 126.9757565648711 37.2372002261202, 126.9813933791818 37.23722504561891, 126.9814242502772 37.23271819491667, 126.9757877714718 37.2326933794449)))",126.9785905,37.23495923
다사59b21b,0.401611047,"MULTIPOLYGON (((127.0430721361727 37.29156278883411, 127.0430448769802 37.29606963602809, 127.0486861374248 37.29609128160528, 127.0487130601216 37.29158443090132, 127.0430721361727 37.29156278883411)))",127.0458791,37.29382706
다사60b18b,0.401422579,"MULTIPOLYGON (((127.0545133830516 37.2645646065457, 127.0544868323334 37.26907148145209, 127.0601260868223 37.2690925687665, 127.0601523014911 37.26458569043973, 127.0545133830516 37.2645646065457)))",127.0573197,37.26682861
다사59a16b,0.401401565,"MULTIPOLYGON (((127.0377068375999 37.24647225139701, 127.0376793032658 37.2509791296069, 127.0433171960677 37.25100100853199, 127.0433443946556 37.24649412677271, 127.0377068375999 37.24647225139701)))",127.0405119,37.24873665
다사58a19b,0.401251467,"MULTIPOLYGON (((127.0262624128095 37.27346886951584, 127.0262341692958 37.27797571975135, 127.0318740657949 37.27799815735963, 127.0319019731167 37.27349130348507, 127.0262624128095 37.27346886951584)))",127.0290682,37.27573353
다사59a18b,0.400514348,"MULTIPOLYGON (((127.037596663485 37.26449974349836, 127.0375691046271 37.26900660788227, 127.043208341161 37.26902850100909, 127.0432355639738 37.26452163307412, 127.037596663485 37.26449974349836)))",127.0404024,37.26676414
다사58b21a,0.400419287,"MULTIPOLYGON (((127.0318182325131 37.28701185473579, 127.0317903065502 37.29151869823709, 127.0374312182906 37.29154087794573, 127.0374588078356 37.28703403084769, 127.0318182325131 37.28701185473579)))",127.0346246,37.28927639
다사59a17b,0.400325468,"MULTIPOLYGON (((127.037651762803 37.25548600436052, 127.0376242162098 37.25999287565772, 127.0432627807282 37.26001476168285, 127.0432899914257 37.25550788683542, 127.037651762803 37.25548600436052)))",127.0404572,37.2577504
다사62b17b,0.40021322,"MULTIPOLYGON (((127.0771194877119 37.25563354372996, 127.0770942924172 37.26014043896409, 127.082732897764 37.26016044535798, 127.0827577571536 37.25565354687852, 127.0771194877119 37.25563354372996)))",127.0799261,37.25789702
다사60b21a,0.400180996,"MULTIPOLYGON (((127.0543805703453 37.28709894651981, 127.0543539900625 37.29160580414651, 127.0599949259205 37.29162690856875, 127.0600211697797 37.28712004751966, 127.0543805703453 37.28709894651981)))",127.0571877,37.28936295
다사58a16b,0.400167347,"MULTIPOLYGON (((127.0264317419452 37.2464276954928, 127.0264035361232 37.25093456647326, 127.0320414165927 37.25095698225368, 127.0320692866715 37.24645010763673, 127.0264317419452 37.2464276954928)))",127.0292365,37.24869236
다사59b15a,0.4,"MULTIPOLYGON (((127.0434259541089 37.23297346076127, 127.0433987736748 37.23748035288719, 127.0490356655122 37.23750195286696, 127.0490625104229 37.23299505723641, 127.0434259541089 37.23297346076127)))",127.0462307,37.23523773
다사50b20a,0.4,"MULTIPOLYGON (((126.9416365181646 37.27760691365246, 126.9416032245492 37.28211370060839, 126.9472433551278 37.28214017272137, 126.9472763125004 37.27763338147228, 126.9416365181646 37.27760691365246)))",126.9444399,37.27987356
다사60b15a,0.399805762,"MULTIPOLYGON (((127.0546990727106 37.23301638545578, 127.0546725633248 37.23752328454741, 127.0603094670379 37.23754434792769, 127.0603356408974 37.23303744541851, 127.0546990727106 37.23301638545578)))",127.0575042,37.23528039
다사61b17a,0.399033571,"MULTIPOLYGON (((127.065868827069 37.25108583993325, 127.0658429657244 37.25559273200041, 127.0714812238773 37.25561327210365, 127.071506749394 37.25110637670441, 127.065868827069 37.25108583993325)))",127.0686749,37.25334958
다사60a21b,0.398609078,"MULTIPOLYGON (((127.0487130601216 37.29158443090132, 127.0486861374248 37.29609128160528, 127.0543274038627 37.29611265831682, 127.0543539900625 37.29160580414651, 127.0487130601216 37.29158443090132)))",127.0515201,37.29384857
다사53a15a,0.398042414,"MULTIPOLYGON (((126.9701512996108 37.23266829572981, 126.9701197575063 37.23717513833462, 126.9757565648711 37.2372002261202, 126.9757877714718 37.2326933794449, 126.9701512996108 37.23266829572981)))",126.9729538,37.23493428
다사62b17a,0.398025524,"MULTIPOLYGON (((127.0771446773995 37.25112664504223, 127.0771194877119 37.25563354372996, 127.0827577571536 37.25565354687852, 127.0827826110108 37.25114664494583, 127.0771446773995 37.25112664504223)))",127.0799511,37.25339012
다사60a16a,0.397458629,"MULTIPOLYGON (((127.0490088146264 37.24200884504251, 127.0489819577641 37.24651573376292, 127.0546195268505 37.24653707236677, 127.0546460480386 37.24203018018445, 127.0490088146264 37.24200884504251)))",127.0518141,37.24427298
다사54a22a,0.397450319,"MULTIPOLYGON (((126.980991429073 37.29581378980954, 126.9809604616339 37.30032059205436, 126.986601987762 37.30034519908228, 126.9866326186472 37.29583839284749, 126.980991429073 37.29581378980954)))",126.9837966,37.29807952
다사59b19b,0.396991955,"MULTIPOLYGON (((127.0431811122886 37.27353536548761, 127.0431538773549 37.27804222650952, 127.0487937922662 37.27806385804933, 127.0488206910036 37.27355699351909, 127.0431811122886 37.27353536548761)))",127.0459874,37.27579963
다사54a20b,0.396755162,"MULTIPOLYGON (((126.9810842900441 37.28229336230227, 126.9810533432765 37.28680017493334, 126.9866938599675 37.28682476999275, 126.9867244704057 37.2823179533731, 126.9810842900441 37.28229336230227)))",126.983889,37.28455909
다사62b18b,0.396596184,"MULTIPOLYGON (((127.0770690915142 37.26464733074445, 127.0770438850016 37.2691542190709, 127.0826831623831 37.2691742319566, 127.082708032841 37.26466734038406, 127.0770690915142 37.26464733074445)))",127.079876,37.2669108
다사52b19b,0.396593674,"MULTIPOLYGON (((126.9642276807402 37.27320436555608, 126.9641957392165 37.27771117288621, 126.969835562442 37.27773656600542, 126.9698671677909 37.27322975455694, 126.9642276807402 37.27320436555608)))",126.9670315,37.27547049
다사60a18b,0.395992366,"MULTIPOLYGON (((127.0488744705209 37.26454325409021, 127.0488475837548 37.26905012553267, 127.0544868323334 37.26907148145209, 127.0545133830516 37.2645646065457, 127.0488744705209 37.26454325409021)))",127.0516806,37.26680739
다사56a23a,0.395911277,"MULTIPOLYGON (((127.003496978952 37.30492422125178, 127.0034673445484 37.3094310322737, 127.0091095708478 37.30945457133289, 127.0091388685413 37.30494775649449, 127.003496978952 37.30492422125178)))",127.0063032,37.30718942
다사59b17a,0.395698925,"MULTIPOLYGON (((127.0433171960677 37.25100100853199, 127.0432899914257 37.25550788683542, 127.048928226104 37.25552950083775, 127.0489550949237 37.25102261902805, 127.0433171960677 37.25100100853199)))",127.0461226,37.25326528
다사55a21b,0.39560858,"MULTIPOLYGON (((126.992304102626 37.29135591338773, 126.9922738150387 37.29586272703022, 126.9979150181725 37.29588679235673, 126.9979449692776 37.29137997481192, 126.992304102626 37.29135591338773)))",126.9951095,37.29362137
다사62a18a,0.395348837,"MULTIPOLYGON (((127.0714556926788 37.26012016404888, 127.0714301557972 37.26462705253996, 127.0770690915142 37.26464733074445, 127.0770942924172 37.26014043896409, 127.0714556926788 37.26012016404888)))",127.0742623,37.26238377
다사59b17b,0.394918599,"MULTIPOLYGON (((127.0432899914257 37.25550788683542, 127.0432627807282 37.26001476168285, 127.0489013513036 37.26003637919184, 127.048928226104 37.25552950083775, 127.0432899914257 37.25550788683542)))",127.0460956,37.25777215
다사59b16b,0.394822007,"MULTIPOLYGON (((127.0433443946556 37.24649412677271, 127.0433171960677 37.25100100853199, 127.0489550949237 37.25102261902805, 127.0489819577641 37.24651573376292, 127.0433443946556 37.24649412677271)))",127.0461497,37.24875839
다사54a24a,0.394647569,"MULTIPOLYGON (((126.9808675179473 37.31384097801391, 126.9808365229234 37.31834776640827, 126.9864793960167 37.31837238940081, 126.9865100541869 37.31386559701459, 126.9808675179473 37.31384097801391)))",126.9836734,37.31610671
다사57b17a,0.394264136,"MULTIPOLYGON (((127.0207656619319 37.25091188226656, 127.0207371140151 37.25541874610946, 127.0263753240229 37.25544143399662, 127.0264035361232 37.25093456647326, 127.0207656619319 37.25091188226656)))",127.0235704,37.25317668
다사61b16a,0.394235033,"MULTIPOLYGON (((127.0659205324938 37.24207204543636, 127.0658946826583 37.24657894441184, 127.0715322692303 37.24659947785134, 127.0715577833875 37.24209257554458, 127.0659205324938 37.24207204543636)))",127.0687263,37.24433578
다사58b17a,0.394097222,"MULTIPOLYGON (((127.0320414165927 37.25095698225368, 127.0320135403104 37.25546385341395, 127.037651762803 37.25548600436052, 127.0376793032658 37.2509791296069, 127.0320414165927 37.25095698225368)))",127.0348465,37.25322151
다사54a22b,0.393892178,"MULTIPOLYGON (((126.9809604616339 37.30032059205436, 126.980929487301 37.3048273908368, 126.986571350058 37.30485200185517, 126.986601987762 37.30034519908228, 126.9809604616339 37.30032059205436)))",126.9837658,37.30258632
다사52a19a,0.393682589,"MULTIPOLYGON (((126.9586204713114 37.26867190129045, 126.958588200798 37.27317870792205, 126.9642276807402 37.27320436555608, 126.9642596151553 37.26869755476304, 126.9586204713114 37.26867190129045)))",126.961424,37.27093815
다사53b20b,0.393517557,"MULTIPOLYGON (((126.9754441165698 37.282268502508, 126.9754128334746 37.28677531110692, 126.9810533432765 37.28680017493334, 126.9810842900441 37.28229336230227, 126.9754441165698 37.282268502508)))",126.9782486,37.28453436
다사57a23a,0.393442623,"MULTIPOLYGON (((127.0147807646512 37.30497102279085, 127.0147518036693 37.30947784140211, 127.0203940429382 37.30950084248038, 127.0204226672069 37.30499402013986, 127.0147807646512 37.30497102279085)))",127.0175873,37.30723595
다사59b22b,0.393305439,"MULTIPOLYGON (((127.0430176117194 37.30057647976471, 127.0429903403889 37.30508332004382, 127.0486322740495 37.30510497264218, 127.0486592087345 37.30059812885228, 127.0430176117194 37.30057647976471)))",127.0458249,37.30284075
다사58b22b,0.392857143,"MULTIPOLYGON (((127.0317344359731 37.30053237486541, 127.031706491356 37.30503920799212, 127.0373484127994 37.30506139849349, 127.0373760207739 37.30055456176879, 127.0317344359731 37.30053237486541)))",127.0345413,37.30279691
다사59a22b,0.392241379,"MULTIPOLYGON (((127.0373760207739 37.30055456176879, 127.0373484127994 37.30506139849349, 127.0429903403889 37.30508332004382, 127.0430176117194 37.30057647976471, 127.0373760207739 37.30055456176879)))",127.0401831,37.30281896
다사51b19b,0.392015525,"MULTIPOLYGON (((126.9529487280391 37.27315278165588, 126.9529161141709 37.27765958061858, 126.9585559231012 37.27768551109024, 126.958588200798 37.27317870792205, 126.9529487280391 37.27315278165588)))",126.9557522,37.27541917
다사61b18b,0.39185257,"MULTIPOLYGON (((127.0657912257645 37.26460650577145, 127.0657653471464 37.269113387475, 127.0714046132312 37.26913393757674, 127.0714301557972 37.26462705253996, 127.0657912257645 37.26460650577145)))",127.0685978,37.26687024
다사61a16b,0.391733166,"MULTIPOLYGON (((127.0602571018401 37.24655814258337, 127.0602309104991 37.25106503472954, 127.065868827069 37.25108583993325, 127.0658946826583 37.24657894441184, 127.0602571018401 37.24655814258337)))",127.0630629,37.24882201
다사61a21a,0.391557223,"MULTIPOLYGON (((127.0600211697797 37.28712004751966, 127.0599949259205 37.29162690856875, 127.0656358676206 37.29164774416718, 127.065661775055 37.28714087973933, 127.0600211697797 37.28712004751966)))",127.0628284,37.28938392
다사62b18a,0.391173055,"MULTIPOLYGON (((127.0770942924172 37.26014043896409, 127.0770690915142 37.26464733074445, 127.082708032841 37.26466734038406, 127.082732897764 37.26016044535798, 127.0770942924172 37.26014043896409)))",127.0799011,37.26240391
다사62b16b,0.390971691,"MULTIPOLYGON (((127.0771698614815 37.24661974290104, 127.0771446773995 37.25112664504223, 127.0827826110108 37.25114664494583, 127.082807459337 37.24663973956007, 127.0771698614815 37.24661974290104)))",127.0799762,37.24888322
다사60a21a,0.390841619,"MULTIPOLYGON (((127.0487399768265 37.28707757674059, 127.0487130601216 37.29158443090132, 127.0543539900625 37.29160580414651, 127.0543805703453 37.28709894651981, 127.0487399768265 37.28707757674059)))",127.0515469,37.28934171
다사61b16b,0.390721016,"MULTIPOLYGON (((127.0658946826583 37.24657894441184, 127.065868827069 37.25108583993325, 127.071506749394 37.25110637670441, 127.0715322692303 37.24659947785134, 127.0658946826583 37.24657894441184)))",127.0687006,37.24884268
다사57b18a,0.390604027,"MULTIPOLYGON (((127.0207085597438 37.25992560649465, 127.0206799991165 37.26443246342199, 127.0263188809816 37.26445515867137, 127.0263471056428 37.25994829806271, 127.0207085597438 37.25992560649465)))",127.0235136,37.2621904
다사54b21b,0.389968838,"MULTIPOLYGON (((126.9866632427152 37.29133158315093, 126.9866326186472 37.29583839284749, 126.9922738150387 37.29586272703022, 126.992304102626 37.29135591338773, 126.9866632427152 37.29133158315093)))",126.9894684,37.29359718
다사59a20a,0.389719823,"MULTIPOLYGON (((127.0375139685062 37.27802032627933, 127.0374863912403 37.28252718029217, 127.0431266363586 37.28254908407467, 127.0431538773549 37.27804222650952, 127.0375139685062 37.27802032627933)))",127.0403202,37.28028473
다사59a17a,0.389551391,"MULTIPOLYGON (((127.0376793032658 37.2509791296069, 127.037651762803 37.25548600436052, 127.0432899914257 37.25550788683542, 127.0433171960677 37.25100100853199, 127.0376793032658 37.2509791296069)))",127.0404846,37.25324353
다사63a18b,0.389122807,"MULTIPOLYGON (((127.082708032841 37.26466734038406, 127.0826831623831 37.2691742319566, 127.0883224453006 37.26919397623305, 127.0883469797026 37.26468708145797, 127.082708032841 37.26466734038406)))",127.0855152,37.26693068
다사60a15a,0.388997269,"MULTIPOLYGON (((127.0490625104229 37.23299505723641, 127.0490356655122 37.23750195286696, 127.0546725633248 37.23752328454741, 127.0546990727106 37.23301638545578, 127.0490625104229 37.23299505723641)))",127.0518675,37.23525919
다사61a20b,0.388553426,"MULTIPOLYGON (((127.0600474077982 37.28261318301475, 127.0600211697797 37.28712004751966, 127.065661775055 37.28714087973933, 127.0656876767234 37.28263401185603, 127.0600474077982 37.28261318301475)))",127.0628545,37.28487705
다사58a19a,0.388429752,"MULTIPOLYGON (((127.0262906500376 37.26896201582247, 127.0262624128095 37.27346886951584, 127.0319019731167 37.27349130348507, 127.0319298742277 37.26898444615309, 127.0262906500376 37.26896201582247)))",127.0290962,37.27122668
다사52b21a,0.388392857,"MULTIPOLYGON (((126.9641318348368 37.28672477715713, 126.9640998719775 37.2912315740976, 126.9697407041764 37.2912569795748, 126.9697723306363 37.2867501785145, 126.9641318348368 37.28672477715713)))",126.9669362,37.2889909
다사61a17a,0.388210002,"MULTIPOLYGON (((127.0602309104991 37.25106503472954, 127.0602047133281 37.25557192342112, 127.0658429657244 37.25559273200041, 127.065868827069 37.25108583993325, 127.0602309104991 37.25106503472954)))",127.0630369,37.2533289
다사62a17b,0.388125094,"MULTIPOLYGON (((127.0714812238773 37.25561327210365, 127.0714556926788 37.26012016404888, 127.0770942924172 37.26014043896409, 127.0771194877119 37.25563354372996, 127.0714812238773 37.25561327210365)))",127.0742877,37.25787688
다사59a23a,0.387755102,"MULTIPOLYGON (((127.0373484127994 37.30506139849349, 127.0373207986789 37.30956823176013, 127.0429630629874 37.30959015686527, 127.0429903403889 37.30508332004382, 127.0373484127994 37.30506139849349)))",127.0401557,37.3073258
다사54a21b,0.387302693,"MULTIPOLYGON (((126.9810223896201 37.29130698410248, 126.980991429073 37.29581378980954, 126.9866326186472 37.29583839284749, 126.9866632427152 37.29133158315093, 126.9810223896201 37.29130698410248)))",126.9838274,37.29357271
다사54a21a,0.387096774,"MULTIPOLYGON (((126.9810533432765 37.28680017493334, 126.9810223896201 37.29130698410248, 126.9866632427152 37.29133158315093, 126.9866938599675 37.28682476999275, 126.9810533432765 37.28680017493334)))",126.9838582,37.2890659
다사59b23b,0.386847195,"MULTIPOLYGON (((127.0429630629874 37.30959015686527, 127.0429357795133 37.31409699022892, 127.0485783866896 37.31411864985009, 127.0486053333684 37.30961181297483, 127.0429630629874 37.30959015686527)))",127.0457706,37.31185442
다사53b17a,0.386586285,"MULTIPOLYGON (((126.9756629033867 37.25072074538111, 126.9756316689925 37.25522757821258, 126.9812698260717 37.25525241382385, 126.9813007246617 37.25074557696352, 126.9756629033867 37.25072074538111)))",126.9784663,37.2529866
다사54a23a,0.386222541,"MULTIPOLYGON (((126.980929487301 37.3048273908368, 126.9808985060726 37.3093341861567, 126.9865407055334 37.30935880116598, 126.986571350058 37.30485200185517, 126.980929487301 37.3048273908368)))",126.983735,37.30709312
다사60b21b,0.386045688,"MULTIPOLYGON (((127.0543539900625 37.29160580414651, 127.0543274038627 37.29611265831682, 127.0599686762191 37.29613376616183, 127.0599949259205 37.29162690856875, 127.0543539900625 37.29160580414651)))",127.0571612,37.29386981
다사59b18b,0.385995299,"MULTIPOLYGON (((127.0432355639738 37.26452163307412, 127.043208341161 37.26902850100909, 127.0488475837548 37.26905012553267, 127.0488744705209 37.26454325409021, 127.0432355639738 37.26452163307412)))",127.0460415,37.2667859
다사55a21a,0.38538206,"MULTIPOLYGON (((126.9923343834725 37.2868490962841, 126.992304102626 37.29135591338773, 126.9979449692776 37.29137997481192, 126.9979749137167 37.28687315380643, 126.9923343834725 37.2868490962841)))",126.9951396,37.28911456
다사54b22a,0.384337784,"MULTIPOLYGON (((126.9866326186472 37.29583839284749, 126.986601987762 37.30034519908228, 126.992243520709 37.3003695372114, 126.9922738150387 37.29586272703022, 126.9866326186472 37.29583839284749)))",126.989438,37.29810399
다사61a15b,0.38418777,"MULTIPOLYGON (((127.0603094670379 37.23754434792769, 127.0602832873526 37.24205124698269, 127.0659205324938 37.24207204543636, 127.0659463765768 37.23756514300694, 127.0603094670379 37.23754434792769)))",127.0631149,37.23980822
다사60b19b,0.383823529,"MULTIPOLYGON (((127.0544602757051 37.27357835290286, 127.0544337131652 37.27808522089782, 127.0600736399772 37.27810631505416, 127.0600998663181 37.27359944363801, 127.0544602757051 37.27357835290286)))",127.0572669,37.27584236
다사61b21b,0.383323683,"MULTIPOLYGON (((127.0656358676206 37.29164774416718, 127.065609954419 37.29615460513945, 127.0712512383876 37.2961751752488, 127.0712768150881 37.29166831094096, 127.0656358676206 37.29164774416718)))",127.0684435,37.29391148
다사55a20b,0.38287796,"MULTIPOLYGON (((126.9923646575798 37.28234227571947, 126.9923343834725 37.2868490962841, 126.9979749137167 37.28687315380643, 126.9980048514915 37.2823663293404, 126.9923646575798 37.28234227571947)))",126.9951697,37.28460774
다사60b16a,0.382827789,"MULTIPOLYGON (((127.0546460480386 37.24203018018445, 127.0546195268505 37.24653707236677, 127.0602571018401 37.24655814258337, 127.0602832873526 37.24205124698269, 127.0546460480386 37.24203018018445)))",127.0574515,37.24429418
다사59a23b,0.382594417,"MULTIPOLYGON (((127.0373207986789 37.30956823176013, 127.0372931784109 37.31407506156854, 127.0429357795133 37.31409699022892, 127.0429630629874 37.30959015686527, 127.0373207986789 37.30956823176013)))",127.0401282,37.31183263
다사63a18a,0.38239159,"MULTIPOLYGON (((127.082732897764 37.26016044535798, 127.082708032841 37.26466734038406, 127.0883469797026 37.26468708145797, 127.0883715086444 37.26018018322974, 127.082732897764 37.26016044535798)))",127.0855399,37.26242378
다사58a17a,0.38238615,"MULTIPOLYGON (((127.0264035361232 37.25093456647326, 127.0263753240229 37.25544143399662, 127.0320135403104 37.25546385341395, 127.0320414165927 37.25095698225368, 127.0264035361232 37.25093456647326)))",127.0292085,37.25319923
다사60a15b,0.382285944,"MULTIPOLYGON (((127.0490356655122 37.23750195286696, 127.0490088146264 37.24200884504251, 127.0546460480386 37.24203018018445, 127.0546725633248 37.23752328454741, 127.0490356655122 37.23750195286696)))",127.0518408,37.23976609
다사56a22b,0.381950775,"MULTIPOLYGON (((127.0035266067599 37.30041740676917, 127.003496978952 37.30492422125178, 127.0091388685413 37.30494775649449, 127.009168159714 37.30044093819586, 127.0035266067599 37.30041740676917)))",127.0063327,37.3026826
다사55b20b,0.380860452,"MULTIPOLYGON (((126.9980048514915 37.2823663293404, 126.9979749137167 37.28687315380643, 127.0036154506253 37.28689694255873, 127.003645052066 37.28239011423485, 126.9980048514915 37.2823663293404)))",127.0008101,37.28463166
다사51b20a,0.380467346,"MULTIPOLYGON (((126.9529161141709 37.27765958061858, 126.9528834930428 37.28216637611725, 126.9585236382193 37.28219231079488, 126.9585559231012 37.27768551109024, 126.9529161141709 37.27765958061858)))",126.9557198,37.27992597
다사60a20b,0.379798809,"MULTIPOLYGON (((127.0487668875409 37.2825707191232, 127.0487399768265 37.28707757674059, 127.0543805703453 37.28709894651981, 127.0544071447124 37.28259208543686, 127.0487668875409 37.2825707191232)))",127.0515736,37.28483485
다사57b16a,0.379723502,"MULTIPOLYGON (((127.0208227387081 37.2418981442083, 127.0207942034958 37.24640501496612, 127.0264317419452 37.2464276954928, 127.0264599414905 37.24192082105537, 127.0208227387081 37.2418981442083)))",127.0236272,37.24416294
다사52a17a,0.379439252,"MULTIPOLYGON (((126.9587494815655 37.25064464013316, 126.9587172397686 37.25515146061682, 126.9643553757663 37.25517710160803, 126.9643872817639 37.25067027696488, 126.9587494815655 37.25064464013316)))",126.9615523,37.25291089
다사60a23a,0.378672829,"MULTIPOLYGON (((127.0486322740495 37.30510497264218, 127.0486053333684 37.30961181297483, 127.0542476097469 37.30963320008792, 127.0542742137062 37.30512635628769, 127.0486322740495 37.30510497264218)))",127.0514399,37.30736911
다사51a22a,0.378537106,"MULTIPOLYGON (((126.9471444389847 37.29566052567984, 126.9471114522562 37.30016730306922, 126.952752935898 37.30019352346835, 126.9527855860825 37.2956867418274, 126.9471444389847 37.29566052567984)))",126.9499486,37.29792705
다사58b20a,0.378375192,"MULTIPOLYGON (((127.0318740657949 37.27799815735963, 127.0318461522608 37.28250500777658, 127.0374863912403 37.28252718029217, 127.0375139685062 37.27802032627933, 127.0318740657949 37.27799815735963)))",127.0346801,37.28026269
다사63a21b,0.378368264,"MULTIPOLYGON (((127.0825587270253 37.29170863801114, 127.082533823331 37.29621550885935, 127.0881751241561 37.29623527235888, 127.0881996913453 37.29172839830587, 127.0825587270253 37.29170863801114)))",127.0853668,37.29397198
다사56a20b,0.378202345,"MULTIPOLYGON (((127.003645052066 37.28239011423485, 127.0036154506253 37.28689694255873, 127.0092559941233 37.28692046254001, 127.0092852592285 37.2824136304019, 127.003645052066 37.28239011423485)))",127.0064504,37.28465531
다사55a22a,0.377990431,"MULTIPOLYGON (((126.9922738150387 37.29586272703022, 126.992243520709 37.3003695372114, 126.9978850604 37.30039360644069, 126.9979150181725 37.29588679235673, 126.9922738150387 37.29586272703022)))",126.9950794,37.29812819
다사53b22b,0.377921882,"MULTIPOLYGON (((126.9753189423995 37.30029571612862, 126.9752876314393 37.30480251087701, 126.980929487301 37.3048273908368, 126.9809604616339 37.30032059205436, 126.9753189423995 37.30029571612862)))",126.9781241,37.30256157
다사54a23b,0.377251419,"MULTIPOLYGON (((126.9808985060726 37.3093341861567, 126.9808675179473 37.31384097801391, 126.9865100541869 37.31386559701459, 126.9865407055334 37.30935880116598, 126.9808985060726 37.3093341861567)))",126.9837042,37.31159991
다사57b16b,0.377149877,"MULTIPOLYGON (((127.0207942034958 37.24640501496612, 127.0207656619319 37.25091188226656, 127.0264035361232 37.25093456647326, 127.0264317419452 37.2464276954928, 127.0207942034958 37.24640501496612)))",127.0235988,37.24866981
다사52b21b,0.376920759,"MULTIPOLYGON (((126.9640998719775 37.2912315740976, 126.964067902003 37.29573836757456, 126.9697090706761 37.29576377717205, 126.9697407041764 37.2912569795748, 126.9640998719775 37.2912315740976)))",126.9669044,37.2934977
다사59a19a,0.376766856,"MULTIPOLYGON (((127.0375691046271 37.26900660788227, 127.0375415396346 37.27351346880931, 127.0431811122886 37.27353536548761, 127.043208341161 37.26902850100909, 127.0375691046271 37.26900660788227)))",127.040375,37.27127101
다사59b19a,0.376723058,"MULTIPOLYGON (((127.043208341161 37.26902850100909, 127.0431811122886 37.27353536548761, 127.0488206910036 37.27355699351909, 127.0488475837548 37.26905012553267, 127.043208341161 37.26902850100909)))",127.0460144,37.27129277
다사58b19a,0.376512597,"MULTIPOLYGON (((127.0319298742277 37.26898444615309, 127.0319019731167 37.27349130348507, 127.0375415396346 37.27351346880931, 127.0375691046271 37.26900660788227, 127.0319298742277 37.26898444615309)))",127.0347356,37.27124898
다사49b19b,0.376351351,"MULTIPOLYGON (((126.9303909103332 37.27304639029154, 126.9303569517964 37.27755317199652, 126.9359967312384 37.27758017716017, 126.9360303536106 37.2730733910754, 126.9303909103332 37.27304639029154)))",126.9331937,37.27531331
다사52b15b,0.376098418,"MULTIPOLYGON (((126.9644829571621 37.23714978226322, 126.9644510724601 37.24165661729232, 126.9700882083811 37.24168197747823, 126.9701197575063 37.23717513833462, 126.9644829571621 37.23714978226322)))",126.9672855,37.2394159
다사56a22a,0.375781607,"MULTIPOLYGON (((127.0035562279738 37.29591058882604, 127.0035266067599 37.30041740676917, 127.009168159714 37.30044093819586, 127.0091974443676 37.29593411643713, 127.0035562279738 37.29591058882604)))",127.0063621,37.29817578
다사53b21a,0.375216138,"MULTIPOLYGON (((126.9754128334746 37.28677531110692, 126.9753815434155 37.29128211624343, 126.9810223896201 37.29130698410248, 126.9810533432765 37.28680017493334, 126.9754128334746 37.28677531110692)))",126.9782175,37.28904117
다사59b18a,0.375085371,"MULTIPOLYGON (((127.0432627807282 37.26001476168285, 127.0432355639738 37.26452163307412, 127.0488744705209 37.26454325409021, 127.0489013513036 37.26003637919184, 127.0432627807282 37.26001476168285)))",127.0460685,37.26227903
다사53a15b,0.375,"MULTIPOLYGON (((126.9701197575063 37.23717513833462, 126.9700882083811 37.24168197747823, 126.9757253513244 37.24170706933476, 126.9757565648711 37.2372002261202, 126.9701197575063 37.23717513833462)))",126.9729225,37.23944113
다사58b16a,0.374729242,"MULTIPOLYGON (((127.0320971505482 37.24194322956325, 127.0320692866715 37.24645010763673, 127.0377068375999 37.24647225139701, 127.0377343658065 37.24196536973101, 127.0320971505482 37.24194322956325)))",127.0349019,37.24420776
다사52b16a,0.374516589,"MULTIPOLYGON (((126.9644510724601 37.24165661729232, 126.9644191806613 37.2461634488596, 126.9700566522338 37.24618881316048, 126.9700882083811 37.24168197747823, 126.9644510724601 37.24165661729232)))",126.9672538,37.24392274
다사51a17b,0.374358974,"MULTIPOLYGON (((126.9474409893779 37.25509937326179, 126.9474080686615 37.25960618183205, 126.9530465261017 37.25963236398506, 126.9530791109476 37.25512555116772, 126.9474409893779 37.25509937326179)))",126.9502437,37.25736589
다사60a19a,0.373833306,"MULTIPOLYGON (((127.0488475837548 37.26905012553267, 127.0488206910036 37.27355699351909, 127.0544602757051 37.27357835290286, 127.0544868323334 37.26907148145209, 127.0488475837548 37.26905012553267)))",127.0516538,37.27131426
다사61a16a,0.373599701,"MULTIPOLYGON (((127.0602832873526 37.24205124698269, 127.0602571018401 37.24655814258337, 127.0658946826583 37.24657894441184, 127.0659205324938 37.24207204543636, 127.0602832873526 37.24205124698269)))",127.0630889,37.24431512
다사59a18a,0.373408624,"MULTIPOLYGON (((127.0376242162098 37.25999287565772, 127.037596663485 37.26449974349836, 127.0432355639738 37.26452163307412, 127.0432627807282 37.26001476168285, 127.0376242162098 37.25999287565772)))",127.0404298,37.26225728
다사56b16a,0.372972973,"MULTIPOLYGON (((127.0095483522682 37.24185198550027, 127.0095191457261 37.2463588487683, 127.0151566713978 37.24638206605763, 127.0151855422758 37.24187519902294, 127.0095483522682 37.24185198550027)))",127.0123524,37.24411705
다사59a16a,0.372932745,"MULTIPOLYGON (((127.0377343658065 37.24196536973101, 127.0377068375999 37.24647225139701, 127.0433443946556 37.24649412677271, 127.0433715871909 37.24198724155773, 127.0377343658065 37.24196536973101)))",127.0405393,37.24422977
다사51b19a,0.37291095,"MULTIPOLYGON (((126.9529813346492 37.26864597922929, 126.9529487280391 37.27315278165588, 126.958588200798 37.27317870792205, 126.9586204713114 37.26867190129045, 126.9529813346492 37.26864597922929)))",126.9557847,37.27091236
다사58a18b,0.37265625,"MULTIPOLYGON (((127.0263188809816 37.26445515867137, 127.0262906500376 37.26896201582247, 127.0319298742277 37.26898444615309, 127.0319577691293 37.2644775853638, 127.0263188809816 37.26445515867137)))",127.0291243,37.26671982
다사61a21b,0.372587633,"MULTIPOLYGON (((127.0599949259205 37.29162690856875, 127.0599686762191 37.29613376616183, 127.065609954419 37.29615460513945, 127.0656358676206 37.29164774416718, 127.0599949259205 37.29162690856875)))",127.0628024,37.29389078
다사53a18b,0.372387239,"MULTIPOLYGON (((126.9699303573893 37.26421612127286, 126.9698987661061 37.26872293964604, 126.975537924089 37.26874805593837, 126.9755691793453 37.26424123349137, 126.9699303573893 37.26421612127286)))",126.9727341,37.26648211
다사58a15a,0.372232064,"MULTIPOLYGON (((127.0265163217564 37.23290706181023, 127.0264881347604 37.23741394316114, 127.0321250082242 37.23743634803338, 127.032152859701 37.23292946304727, 127.0265163217564 37.23290706181023)))",127.0293206,37.23517173
다사58a16a,0.371797542,"MULTIPOLYGON (((127.0264599414905 37.24192082105537, 127.0264317419452 37.2464276954928, 127.0320692866715 37.24645010763673, 127.0320971505482 37.24194322956325, 127.0264599414905 37.24192082105537)))",127.0292645,37.24418549
다사54b21a,0.371775417,"MULTIPOLYGON (((126.9866938599675 37.28682476999275, 126.9866632427152 37.29133158315093, 126.992304102626 37.29135591338773, 126.9923343834725 37.2868490962841, 126.9866938599675 37.28682476999275)))",126.9894989,37.28909036
다사57b17b,0.371657754,"MULTIPOLYGON (((127.0207371140151 37.25541874610946, 127.0207085597438 37.25992560649465, 127.0263471056428 37.25994829806271, 127.0263753240229 37.25544143399662, 127.0207371140151 37.25541874610946)))",127.023542,37.25768354
다사59a15b,0.37159254,"MULTIPOLYGON (((127.0377618878872 37.23745848460905, 127.0377343658065 37.24196536973101, 127.0433715871909 37.24198724155773, 127.0433987736748 37.23748035288719, 127.0377618878872 37.23745848460905)))",127.0405667,37.23972288
다사53a24b,0.371428571,"MULTIPOLYGON (((126.9695507975124 37.31829771320747, 126.9695191217356 37.32280449002333, 126.975162317879 37.32282965523891, 126.9751936567303 37.31832287434349, 126.9695507975124 37.31829771320747)))",126.9723565,37.32056371
다사50a21b,0.371196283,"MULTIPOLYGON (((126.9358958192086 37.29110051462054, 126.9358621668886 37.29560728684216, 126.9415032992284 37.29563404068439, 126.9415366150828 37.29112726412451, 126.9358958192086 37.29110051462054)))",126.9386995,37.2933673
다사56b23a,0.371164937,"MULTIPOLYGON (((127.0091388685413 37.30494775649449, 127.0091095708478 37.30945457133289, 127.0147518036693 37.30947784140211, 127.0147807646512 37.30497102279085, 127.0091388685413 37.30494775649449)))",127.0119453,37.30721282
다사59a19b,0.370929776,"MULTIPOLYGON (((127.0375415396346 37.27351346880931, 127.0375139685062 37.27802032627933, 127.0431538773549 37.27804222650952, 127.0431811122886 37.27353536548761, 127.0375415396346 37.27351346880931)))",127.0403476,37.27577787
다사55b21a,0.370573703,"MULTIPOLYGON (((126.9979749137167 37.28687315380643, 126.9979449692776 37.29137997481192, 127.003585842595 37.29140376742249, 127.0036154506253 37.28689694255873, 126.9979749137167 37.28687315380643)))",127.0007803,37.28913848
다사55b22a,0.370532458,"MULTIPOLYGON (((126.9979150181725 37.29588679235673, 126.9978850604 37.30039360644069, 127.0035266067599 37.30041740676917, 127.0035562279738 37.29591058882604, 126.9979150181725 37.29588679235673)))",127.0007207,37.29815212
다사51a18b,0.370474847,"MULTIPOLYGON (((126.9473751406172 37.26411298693841, 126.9473422052434 37.26861978858065, 126.9529813346492 37.26864597922929, 126.9530139340029 37.26413917333898, 126.9473751406172 37.26411298693841)))",126.9501782,37.2663795
다사50a21a,0.370328426,"MULTIPOLYGON (((126.9359294640391 37.28659373893289, 126.9358958192086 37.29110051462054, 126.9415366150828 37.29112726412451, 126.9415699235225 37.28662048409914, 126.9359294640391 37.28659373893289)))",126.938733,37.28886052
다사52b23a,0.370170516,"MULTIPOLYGON (((126.9640039407019 37.30475194413733, 126.9639719493719 37.30925872722283, 126.9696141279169 37.30928414918408, 126.969645782548 37.30477736197684, 126.9640039407019 37.30475194413733)))",126.966809,37.30701807
다사52a16b,0.370056497,"MULTIPOLYGON (((126.9587817161874 37.24613781618688, 126.9587494815655 37.25064464013316, 126.9643872817639 37.25067027696488, 126.9644191806613 37.2461634488596, 126.9587817161874 37.24613781618688)))",126.9615844,37.24840407
다사54b20b,0.369858156,"MULTIPOLYGON (((126.9867244704057 37.2823179533731, 126.9866938599675 37.28682476999275, 126.9923343834725 37.2868490962841, 126.9923646575798 37.28234227571947, 126.9867244704057 37.2823179533731)))",126.9895293,37.28458355
다사51b17b,0.369733925,"MULTIPOLYGON (((126.9530791109476 37.25512555116772, 126.9530465261017 37.25963236398506, 126.9586849907951 37.25965827763768, 126.9587172397686 37.25515146061682, 126.9530791109476 37.25512555116772)))",126.955882,37.25739194
다사60b15b,0.369599683,"MULTIPOLYGON (((127.0546725633248 37.23752328454741, 127.0546460480386 37.24203018018445, 127.0602832873526 37.24205124698269, 127.0603094670379 37.23754434792769, 127.0546725633248 37.23752328454741)))",127.0574778,37.23978729
다사58a17b,0.369590373,"MULTIPOLYGON (((127.0263753240229 37.25544143399662, 127.0263471056428 37.25994829806271, 127.0319856578231 37.25997072111738, 127.0320135403104 37.25546385341395, 127.0263753240229 37.25544143399662)))",127.0291804,37.2577061
다사51a19a,0.369312774,"MULTIPOLYGON (((126.9473422052434 37.26861978858065, 126.9473092625384 37.27312658675866, 126.9529487280391 37.27315278165588, 126.9529813346492 37.26864597922929, 126.9473422052434 37.26861978858065)))",126.9501454,37.27088631
다사60b20a,0.369113077,"MULTIPOLYGON (((127.0544337131652 37.27808522089782, 127.0544071447124 37.28259208543686, 127.0600474077982 37.28261318301475, 127.0600736399772 37.27810631505416, 127.0544337131652 37.27808522089782)))",127.0572405,37.28034922
다사55a18b,0.368974359,"MULTIPOLYGON (((126.9924856866483 37.26431495885399, 126.9924554394821 37.2688217932611, 126.9980946248454 37.26884583518055, 126.9981245359784 37.26433899687385, 126.9924856866483 37.26431495885399)))",126.9952901,37.26658042
다사58b23b,0.368421053,"MULTIPOLYGON (((127.0316785405179 37.30954603766033, 127.0316505834574 37.31405286386989, 127.0372931784109 37.31407506156854, 127.0373207986789 37.30956823176013, 127.0316785405179 37.30954603766033)))",127.0344858,37.31181057
다사57a22b,0.368261912,"MULTIPOLYGON (((127.0148097191873 37.30046420071978, 127.0147807646512 37.30497102279085, 127.0204226672069 37.30499402013986, 127.0204512851048 37.30048719433998, 127.0148097191873 37.30046420071978)))",127.0176161,37.30272913
다사52a16a,0.367882714,"MULTIPOLYGON (((126.9588139436361 37.2416309887781, 126.9587817161874 37.24613781618688, 126.9644191806613 37.2461634488596, 126.9644510724601 37.24165661729232, 126.9588139436361 37.2416309887781)))",126.9616165,37.24389724
다사55b18a,0.367875648,"MULTIPOLYGON (((126.9981544404548 37.2598321551074, 126.9981245359784 37.26433899687385, 127.003763391965 37.26436276634158, 127.0037929604814 37.25985592071955, 126.9981544404548 37.2598321551074)))",127.0009588,37.26209748
다사52a15b,0.367697595,"MULTIPOLYGON (((126.9588461639131 37.23712415790702, 126.9588139436361 37.2416309887781, 126.9644510724601 37.24165661729232, 126.9644829571621 37.23714978226322, 126.9588461639131 37.23712415790702)))",126.9616485,37.23939041
다사58b19b,0.367575933,"MULTIPOLYGON (((127.0319019731167 37.27349130348507, 127.0318740657949 37.27799815735963, 127.0375139685062 37.27802032627933, 127.0375415396346 37.27351346880931, 127.0319019731167 37.27349130348507)))",127.0347079,37.27575584
다사61b20a,0.367390154,"MULTIPOLYGON (((127.0657135726272 37.27812714051743, 127.0656876767234 37.28263401185603, 127.0713279514132 37.28265457195982, 127.0713535110405 37.27814769728682, 127.0657135726272 37.27812714051743)))",127.0685207,37.28039088
다사50a19b,0.367164616,"MULTIPOLYGON (((126.9360303536106 37.2730733910754, 126.9359967312384 37.27758017716017, 126.9416365181646 37.27760691365246, 126.9416698043706 37.27310012323147, 126.9360303536106 37.2730733910754)))",126.9388334,37.27534017
다사52b22a,0.366733467,"MULTIPOLYGON (((126.964067902003 37.29573836757456, 126.9640359249117 37.30024515758785, 126.9696774301338 37.30027057130611, 126.9697090706761 37.29576377717205, 126.964067902003 37.29573836757456)))",126.9668726,37.29800449
다사51b18b,0.366632338,"MULTIPOLYGON (((126.9530139340029 37.26413917333898, 126.9529813346492 37.26864597922929, 126.9586204713114 37.26867190129045, 126.9586527346433 37.26416509119561, 126.9530139340029 37.26413917333898)))",126.9558171,37.26640556
다사62a16b,0.366581415,"MULTIPOLYGON (((127.0715322692303 37.24659947785134, 127.071506749394 37.25110637670441, 127.0771446773995 37.25112664504223, 127.0771698614815 37.24661974290104, 127.0715322692303 37.24659947785134)))",127.0743384,37.24886308
다사53a20b,0.366399325,"MULTIPOLYGON (((126.9698039500577 37.28224337399134, 126.9697723306363 37.2867501785145, 126.9754128334746 37.28677531110692, 126.9754441165698 37.282268502508, 126.9698039500577 37.28224337399134)))",126.9726083,37.28450936
다사51a19b,0.36569873,"MULTIPOLYGON (((126.9473092625384 37.27312658675866, 126.9472763125004 37.27763338147228, 126.9529161141709 37.27765958061858, 126.9529487280391 37.27315278165588, 126.9473092625384 37.27312658675866)))",126.9501126,37.27539311
다사54b22b,0.365404654,"MULTIPOLYGON (((126.986601987762 37.30034519908228, 126.986571350058 37.30485200185517, 126.9922132196355 37.30487634393113, 126.992243520709 37.3003695372114, 126.986601987762 37.30034519908228)))",126.9894075,37.30261079
다사60b19a,0.365375854,"MULTIPOLYGON (((127.0544868323334 37.26907148145209, 127.0544602757051 37.27357835290286, 127.0600998663181 37.27359944363801, 127.0601260868223 37.2690925687665, 127.0544868323334 37.26907148145209)))",127.0572933,37.27133548
다사50a19a,0.364967293,"MULTIPOLYGON (((126.9360639685004 37.26856660152522, 126.9360303536106 37.2730733910754, 126.9416698043706 37.27310012323147, 126.9417030831689 37.26859332934559, 126.9360639685004 37.26856660152522)))",126.9388668,37.27083338
다사62a20a,0.364963504,"MULTIPOLYGON (((127.0713535110405 37.27814769728682, 127.0713279514132 37.28265457195982, 127.0769682317928 37.28267486332528, 127.0769934551422 37.27816798536146, 127.0713535110405 37.27814769728682)))",127.0741608,37.2804113
다사55a22b,0.364951255,"MULTIPOLYGON (((126.992243520709 37.3003695372114, 126.9922132196355 37.30487634393113, 126.9978550959584 37.30490041706366, 126.9978850604 37.30039360644069, 126.992243520709 37.3003695372114)))",126.9950492,37.302635
다사63a22a,0.36459431,"MULTIPOLYGON (((127.082533823331 37.29621550885935, 127.0825089140928 37.30072237625298, 127.0881505514979 37.30074214295768, 127.0881751241561 37.29623527235888, 127.082533823331 37.29621550885935)))",127.0853421,37.29847885
다사57a17a,0.364152618,"MULTIPOLYGON (((127.0151277940937 37.25088892963451, 127.0150989103618 37.25539578975339, 127.0207371140151 37.25541874610946, 127.0207656619319 37.25091188226656, 127.0151277940937 37.25088892963451)))",127.0179324,37.25315386
다사56a18a,0.36411059,"MULTIPOLYGON (((127.0037929604814 37.25985592071955, 127.003763391965 37.26436276634158, 127.0094022545334 37.26438626725614, 127.0094314870883 37.25987941782212, 127.0037929604814 37.25985592071955)))",127.0065975,37.26212112
다사57a16b,0.363707165,"MULTIPOLYGON (((127.0151566713978 37.24638206605763, 127.0151277940937 37.25088892963451, 127.0207656619319 37.25091188226656, 127.0207942034958 37.24640501496612, 127.0151566713978 37.24638206605763)))",127.0179611,37.248647
다사52a22a,0.363681346,"MULTIPOLYGON (((126.9584267404469 37.29571268912601, 126.9583944268082 37.30021947497492, 126.9640359249117 37.30024515758785, 126.964067902003 37.29573836757456, 126.9584267404469 37.29571268912601)))",126.9612312,37.29797894
다사53b16b,0.363636364,"MULTIPOLYGON (((126.9756941308301 37.24621390908845, 126.9756629033867 37.25072074538111, 126.9813007246617 37.25074557696352, 126.9813316163757 37.24623873664249, 126.9756941308301 37.24621390908845)))",126.9784973,37.24847976
다사53b21b,0.36338376,"MULTIPOLYGON (((126.9753815434155 37.29128211624343, 126.975350246391 37.29578891791738, 126.980991429073 37.29581378980954, 126.9810223896201 37.29130698410248, 126.9753815434155 37.29128211624343)))",126.9781864,37.29354797
다사53b22a,0.363045651,"MULTIPOLYGON (((126.975350246391 37.29578891791738, 126.9753189423995 37.30029571612862, 126.9809604616339 37.30032059205436, 126.980991429073 37.29581378980954, 126.975350246391 37.29578891791738)))",126.9781553,37.29805478
다사59b16a,0.363002627,"MULTIPOLYGON (((127.0433715871909 37.24198724155773, 127.0433443946556 37.24649412677271, 127.0489819577641 37.24651573376292, 127.0490088146264 37.24200884504251, 127.0433715871909 37.24198724155773)))",127.0461767,37.24425151
다사59b23a,0.362978837,"MULTIPOLYGON (((127.0429903403889 37.30508332004382, 127.0429630629874 37.30959015686527, 127.0486053333684 37.30961181297483, 127.0486322740495 37.30510497264218, 127.0429903403889 37.30508332004382)))",127.0457978,37.30734759
다사51a20a,0.362804878,"MULTIPOLYGON (((126.9472763125004 37.27763338147228, 126.9472433551278 37.28214017272137, 126.9528834930428 37.28216637611725, 126.9529161141709 37.27765958061858, 126.9472763125004 37.27763338147228)))",126.9500798,37.2798999
다사56a20a,0.362634088,"MULTIPOLYGON (((127.0036746469188 37.27788328245106, 127.003645052066 37.28239011423485, 127.0092852592285 37.2824136304019, 127.0093145178206 37.27790679480432, 127.0036746469188 37.27788328245106)))",127.0064799,37.28014848
다사51a18a,0.362632085,"MULTIPOLYGON (((126.9474080686615 37.25960618183205, 126.9473751406172 37.26411298693841, 126.9530139340029 37.26413917333898, 126.9530465261017 37.25963236398506, 126.9474080686615 37.25960618183205)))",126.9502109,37.2618727
다사57a18a,0.362218713,"MULTIPOLYGON (((127.0150700202007 37.25990264641415, 127.0150411236088 37.2644094996166, 127.0206799991165 37.26443246342199, 127.0207085597438 37.25992560649465, 127.0150700202007 37.25990264641415)))",127.0178749,37.26216758
다사53a23a,0.362204724,"MULTIPOLYGON (((126.969645782548 37.30477736197684, 126.9696141279169 37.30928414918408, 126.9752563135088 37.30930930216238, 126.9752876314393 37.30480251087701, 126.969645782548 37.30477736197684)))",126.972451,37.30704335
다사62a21b,0.362041467,"MULTIPOLYGON (((127.0712768150881 37.29166831094096, 127.0712512383876 37.2961751752488, 127.0768925280499 37.29619547648905, 127.0769177682479 37.29168860888922, 127.0712768150881 37.29166831094096)))",127.0740846,37.29393192
다사57b18b,0.361568248,"MULTIPOLYGON (((127.0206799991165 37.26443246342199, 127.0206514321317 37.26893931689133, 127.0262906500376 37.26896201582247, 127.0263188809816 37.26445515867137, 127.0206799991165 37.26443246342199)))",127.0234852,37.26669726
다사62a18b,0.361290323,"MULTIPOLYGON (((127.0714301557972 37.26462705253996, 127.0714046132312 37.26913393757674, 127.0770438850016 37.2691542190709, 127.0770690915142 37.26464733074445, 127.0714301557972 37.26462705253996)))",127.0742369,37.26689066
다사57a17b,0.361223898,"MULTIPOLYGON (((127.0150989103618 37.25539578975339, 127.0150700202007 37.25990264641415, 127.0207085597438 37.25992560649465, 127.0207371140151 37.25541874610946, 127.0150989103618 37.25539578975339)))",127.0179037,37.25766072
다사58b20b,0.360835243,"MULTIPOLYGON (((127.0318461522608 37.28250500777658, 127.0318182325131 37.28701185473579, 127.0374588078356 37.28703403084769, 127.0374863912403 37.28252718029217, 127.0318461522608 37.28250500777658)))",127.0346524,37.28476954
다사61a19a,0.360512129,"MULTIPOLYGON (((127.0601260868223 37.2690925687665, 127.0600998663181 37.27359944363801, 127.0657394627678 37.27362026572371, 127.0657653471464 37.269113387475, 127.0601260868223 37.2690925687665)))",127.0629327,37.27135644
다사61b15b,0.360485269,"MULTIPOLYGON (((127.0659463765768 37.23756514300694, 127.0659205324938 37.24207204543636, 127.0715577833875 37.24209257554458, 127.0715832918669 37.23758566978427, 127.0659463765768 37.23756514300694)))",127.068752,37.23982888
다사55a19b,0.3603041,"MULTIPOLYGON (((126.992425185583 37.27332862420781, 126.9923949249494 37.277835451694, 126.9980347826035 37.27785950141396, 126.9980647070543 37.27335267002729, 126.992425185583 37.27332862420781)))",126.9952299,37.27559408
다사53b20a,0.36,"MULTIPOLYGON (((126.9754753927028 37.27776169044684, 126.9754441165698 37.282268502508, 126.9810842900441 37.28229336230227, 126.9811152299243 37.27778654620942, 126.9754753927028 37.27776169044684)))",126.9782798,37.28002755
다사52a18b,0.359445407,"MULTIPOLYGON (((126.9586527346433 37.26416509119561, 126.9586204713114 37.26867190129045, 126.9642596151553 37.26869755476304, 126.9642915424637 37.26419074050726, 126.9586527346433 37.26416509119561)))",126.9614561,37.26643134
다사53a19a,0.359053182,"MULTIPOLYGON (((126.9698987661061 37.26872293964604, 126.9698671677909 37.27322975455694, 126.9755066618754 37.27325487492357, 126.975537924089 37.26874805593837, 126.9698987661061 37.26872293964604)))",126.9727026,37.27098893
다사55b19b,0.358986673,"MULTIPOLYGON (((126.9980647070543 37.27335267002729, 126.9980347826035 37.27785950141396, 127.0036746469188 37.27788328245106, 127.0037042351852 37.27337644720748, 126.9980647070543 37.27335267002729)))",127.0008696,37.275618
다사57a16a,0.358893053,"MULTIPOLYGON (((127.0151855422758 37.24187519902294, 127.0151566713978 37.24638206605763, 127.0207942034958 37.24640501496612, 127.0208227387081 37.2418981442083, 127.0151855422758 37.24187519902294)))",127.0179898,37.24414013
다사58a20a,0.358532934,"MULTIPOLYGON (((127.0262341692958 37.27797571975135, 127.0262059194951 37.28248256652883, 127.0318461522608 37.28250500777658, 127.0318740657949 37.27799815735963, 127.0262341692958 37.27797571975135)))",127.0290401,37.28024039
다사55a20a,0.358482926,"MULTIPOLYGON (((126.9923949249494 37.277835451694, 126.9923646575798 37.28234227571947, 126.9980048514915 37.2823663293404, 126.9980347826035 37.27785950141396, 126.9923949249494 37.277835451694)))",126.9951998,37.28010091
다사51b22a,0.357920194,"MULTIPOLYGON (((126.9527855860825 37.2956867418274, 126.952752935898 37.30019352346835, 126.9583944268082 37.30021947497492, 126.9584267404469 37.29571268912601, 126.9527855860825 37.2956867418274)))",126.9555899,37.29795313
다사56b22b,0.357752341,"MULTIPOLYGON (((127.009168159714 37.30044093819586, 127.0091388685413 37.30494775649449, 127.0147807646512 37.30497102279085, 127.0148097191873 37.30046420071978, 127.009168159714 37.30044093819586)))",127.0119744,37.302706
다사55b22b,0.356403431,"MULTIPOLYGON (((126.9978850604 37.30039360644069, 126.9978550959584 37.30490041706366, 127.003496978952 37.30492422125178, 127.0035266067599 37.30041740676917, 126.9978850604 37.30039360644069)))",127.0006909,37.30265894
다사56b19b,0.356097561,"MULTIPOLYGON (((127.0093437699011 37.27339995574739, 127.0093145178206 37.27790679480432, 127.0149543952338 37.27793003847275, 127.0149833111269 37.27342319564606, 127.0093437699011 37.27339995574739)))",127.012149,37.27566502
다사58a21a,0.355590801,"MULTIPOLYGON (((127.0261776634057 37.28698940984814, 127.0261494010264 37.29149624970912, 127.0317903065502 37.29151869823709, 127.0318182325131 37.28701185473579, 127.0261776634057 37.28698940984814)))",127.0289839,37.28925408
다사56a21b,0.355042594,"MULTIPOLYGON (((127.003585842595 37.29140376742249, 127.0035562279738 37.29591058882604, 127.0091974443676 37.29593411643713, 127.0092267225036 37.29142729121847, 127.003585842595 37.29140376742249)))",127.0063916,37.29366896
다사62b21b,0.354961832,"MULTIPOLYGON (((127.0769177682479 37.29168860888922, 127.0768925280499 37.29619547648905, 127.082533823331 37.29621550885935, 127.0825587270253 37.29170863801114, 127.0769177682479 37.29168860888922)))",127.0797257,37.29395208
다사55b20a,0.354532044,"MULTIPOLYGON (((126.9980347826035 37.27785950141396, 126.9980048514915 37.2823663293404, 127.003645052066 37.28239011423485, 127.0036746469188 37.27788328245106, 126.9980347826035 37.27785950141396)))",127.0008398,37.28012483
다사51b17a,0.354409318,"MULTIPOLYGON (((126.953111688542 37.25061873488709, 126.9530791109476 37.25512555116772, 126.9587172397686 37.25515146061682, 126.9587494815655 37.25064464013316, 126.953111688542 37.25061873488709)))",126.9559144,37.25288512
다사57b15b,0.354146019,"MULTIPOLYGON (((127.0208512675704 37.23739126999322, 127.0208227387081 37.2418981442083, 127.0264599414905 37.24192082105537, 127.0264881347604 37.23741394316114, 127.0208512675704 37.23739126999322)))",127.0236555,37.23965607
다사53a19b,0.354144405,"MULTIPOLYGON (((126.9698671677909 37.27322975455694, 126.969835562442 37.27773656600542, 126.9754753927028 37.27776169044684, 126.9755066618754 37.27325487492357, 126.9698671677909 37.27322975455694)))",126.9726712,37.27549574
다사59b15b,0.353942984,"MULTIPOLYGON (((127.0433987736748 37.23748035288719, 127.0433715871909 37.24198724155773, 127.0490088146264 37.24200884504251, 127.0490356655122 37.23750195286696, 127.0433987736748 37.23748035288719)))",127.0462037,37.23974462
다사61b19b,0.353932584,"MULTIPOLYGON (((127.0657394627678 37.27362026572371, 127.0657135726272 37.27812714051743, 127.0713535110405 37.27814769728682, 127.0713790649794 37.27364081915908, 127.0657394627678 37.27362026572371)))",127.0685464,37.275884
다사56b16b,0.353932584,"MULTIPOLYGON (((127.0095191457261 37.2463588487683, 127.0094899326831 37.25086570857804, 127.0151277940937 37.25088892963451, 127.0151566713978 37.24638206605763, 127.0095191457261 37.2463588487683)))",127.0123234,37.24862391
다사57b19a,0.353879178,"MULTIPOLYGON (((127.0206514321317 37.26893931689133, 127.020622858788 37.27344616690252, 127.0262624128095 37.27346886951584, 127.0262906500376 37.26896201582247, 127.0206514321317 37.26893931689133)))",127.0234568,37.27120411
다사50b19b,0.353420195,"MULTIPOLYGON (((126.9416698043706 37.27310012323147, 126.9416365181646 37.27760691365246, 126.9472763125004 37.27763338147228, 126.9473092625384 37.27312658675866, 126.9416698043706 37.27310012323147)))",126.944473,37.27536677
다사52a20b,0.352941177,"MULTIPOLYGON (((126.9585236382193 37.28219231079488, 126.9584913461508 37.28669910703584, 126.9641318348368 37.28672477715713, 126.9641637905825 37.28221797675327, 126.9585236382193 37.28219231079488)))",126.9613277,37.28445857
다사57a25a,0.352941177,"MULTIPOLYGON (((127.0146648820339 37.32299827647559, 127.0146358952538 37.32750508124614, 127.0202794821248 37.32752809724585, 127.0203081318919 37.32302128874426, 127.0146648820339 37.32299827647559)))",127.0174721,37.32526321
다사54a18b,0.352941177,"MULTIPOLYGON (((126.981208008257 37.26426607716173, 126.9811770890291 37.268772903639, 126.9868162608518 37.26879748274692, 126.9868468440496 37.26429065228294, 126.981208008257 37.26426607716173)))",126.9840121,37.2665318
다사49b20b,0.352941177,"MULTIPOLYGON (((126.9303229857005 37.28205995023544, 126.9302890120436 37.28656672500814, 126.9359294640391 37.28659373893289, 126.9359631013818 37.28208695977939, 126.9303229857005 37.28205995023544)))",126.9331261,37.28432687
다사56b22a,0.352838122,"MULTIPOLYGON (((127.0091974443676 37.29593411643713, 127.009168159714 37.30044093819586, 127.0148097191873 37.30046420071978, 127.0148386672791 37.29595737518907, 127.0091974443676 37.29593411643713)))",127.0120035,37.29819918
다사60a22b,0.352818372,"MULTIPOLYGON (((127.0486592087345 37.30059812885228, 127.0486322740495 37.30510497264218, 127.0542742137062 37.30512635628769, 127.0543008117444 37.3006195090306, 127.0486592087345 37.30059812885228)))",127.0514666,37.30286226
다사50b21a,0.352807284,"MULTIPOLYGON (((126.9415699235225 37.28662048409914, 126.9415366150828 37.29112726412451, 126.9471774183716 37.2911537448253, 126.9472103904187 37.28664696050578, 126.9415699235225 37.28662048409914)))",126.9443736,37.28888714
다사55b23a,0.352079475,"MULTIPOLYGON (((126.9978550959584 37.30490041706366, 126.9978251248463 37.30940722422549, 127.0034673445484 37.3094310322737, 127.003496978952 37.30492422125178, 126.9978550959584 37.30490041706366)))",127.0006611,37.30716575
다사57a22a,0.351873674,"MULTIPOLYGON (((127.0148386672791 37.29595737518907, 127.0148097191873 37.30046420071978, 127.0204512851048 37.30048719433998, 127.0204798966334 37.29598036508088, 127.0148386672791 37.29595737518907)))",127.0176449,37.29822231
다사57b22b,0.351681957,"MULTIPOLYGON (((127.0204512851048 37.30048719433998, 127.0204226672069 37.30499402013986, 127.0260645761335 37.3050167485406, 127.0260928573917 37.30050991905549, 127.0204512851048 37.30048719433998)))",127.0232578,37.30275199
다사60b16b,0.351373021,"MULTIPOLYGON (((127.0546195268505 37.24653707236677, 127.0545929997591 37.25104396109419, 127.0602309104991 37.25106503472954, 127.0602571018401 37.24655814258337, 127.0546195268505 37.24653707236677)))",127.0574251,37.24880108
다사52b22b,0.351090909,"MULTIPOLYGON (((126.9640359249117 37.30024515758785, 126.9640039407019 37.30475194413733, 126.969645782548 37.30477736197684, 126.9696774301338 37.30027057130611, 126.9640359249117 37.30024515758785)))",126.9668408,37.30251128
다사52a18a,0.351080247,"MULTIPOLYGON (((126.9586849907951 37.25965827763768, 126.9586527346433 37.26416509119561, 126.9642915424637 37.26419074050726, 126.9643234626668 37.25968392278886, 126.9586849907951 37.25965827763768)))",126.9614882,37.26192453
다사57b24a,0.350877193,"MULTIPOLYGON (((127.0203654122971 37.31400766136139, 127.0203367752821 37.31851447678274, 127.0259796945774 37.31853721624172, 127.0260079947278 37.31403039713386, 127.0203654122971 37.31400766136139)))",127.0231725,37.31627246
다사57a15b,0.350877193,"MULTIPOLYGON (((127.015214406729 37.23736832853056, 127.0151855422758 37.24187519902294, 127.0208227387081 37.2418981442083, 127.0208512675704 37.23739126999322, 127.015214406729 37.23736832853056)))",127.0180185,37.23963326
다사58a20b,0.350090654,"MULTIPOLYGON (((127.0262059194951 37.28248256652883, 127.0261776634057 37.28698940984814, 127.0318182325131 37.28701185473579, 127.0318461522608 37.28250500777658, 127.0262059194951 37.28248256652883)))",127.029012,37.28474723
다사53b19a,0.350079171,"MULTIPOLYGON (((126.975537924089 37.26874805593837, 126.9755066618754 37.27325487492357, 126.9811461629187 37.27327972665495, 126.9811770890291 37.268772903639, 126.975537924089 37.26874805593837)))",126.978342,37.27101391
다사59b20a,0.349845201,"MULTIPOLYGON (((127.0431538773549 37.27804222650952, 127.0431266363586 37.28254908407467, 127.0487668875409 37.2825707191232, 127.0487937922662 37.27806385804933, 127.0431538773549 37.27804222650952)))",127.0459603,37.28030649
다사61a18b,0.349735958,"MULTIPOLYGON (((127.0601523014911 37.26458569043973, 127.0601260868223 37.2690925687665, 127.0657653471464 37.269113387475, 127.0657912257645 37.26460650577145, 127.0601523014911 37.26458569043973)))",127.0629587,37.26684956
다사53b19b,0.349416517,"MULTIPOLYGON (((126.9755066618754 37.27325487492357, 126.9754753927028 37.27776169044684, 126.9811152299243 37.27778654620942, 126.9811461629187 37.27327972665495, 126.9755066618754 37.27325487492357)))",126.9783109,37.27552073
다사53a22b,0.349015843,"MULTIPOLYGON (((126.9696774301338 37.30027057130611, 126.969645782548 37.30477736197684, 126.9752876314393 37.30480251087701, 126.9753189423995 37.30029571612862, 126.9696774301338 37.30027057130611)))",126.9724824,37.30253656
다사58a15b,0.348828275,"MULTIPOLYGON (((127.0264881347604 37.23741394316114, 127.0264599414905 37.24192082105537, 127.0320971505482 37.24194322956325, 127.0321250082242 37.23743634803338, 127.0264881347604 37.23741394316114)))",127.0292926,37.23967861
다사55b23b,0.34852071,"MULTIPOLYGON (((126.9978251248463 37.30940722422549, 126.997795147062 37.31391402792602, 127.0034377035476 37.31393783983476, 127.0034673445484 37.3094310322737, 126.9978251248463 37.30940722422549)))",127.0006313,37.31167255
다사56a21a,0.348264104,"MULTIPOLYGON (((127.0036154506253 37.28689694255873, 127.003585842595 37.29140376742249, 127.0092267225036 37.29142729121847, 127.0092559941233 37.28692046254001, 127.0036154506253 37.28689694255873)))",127.006421,37.28916214
다사50a18b,0.348148148,"MULTIPOLYGON (((126.9360975759093 37.26405980850981, 126.9360639685004 37.26856660152522, 126.9417030831689 37.26859332934559, 126.9417363545611 37.26408653199498, 126.9360975759093 37.26405980850981)))",126.9389002,37.26632659
다사56b17a,0.347879859,"MULTIPOLYGON (((127.0094899326831 37.25086570857804, 127.0094607131377 37.25537256492938, 127.0150989103618 37.25539578975339, 127.0151277940937 37.25088892963451, 127.0094899326831 37.25086570857804)))",127.0122943,37.25313077
다사49b19a,0.347368421,"MULTIPOLYGON (((126.9304248613127 37.26853960512064, 126.9303909103332 37.27304639029154, 126.9360303536106 37.2730733910754, 126.9360639685004 37.26856660152522, 126.9304248613127 37.26853960512064)))",126.9332275,37.27080652
다사54a16b,0.346755725,"MULTIPOLYGON (((126.9813316163757 37.24623873664249, 126.9813007246617 37.25074557696352, 126.9869385528128 37.25077014012743, 126.9869691087956 37.24626329582158, 126.9813316163757 37.24623873664249)))",126.984135,37.24850446
다사57a19b,0.346678399,"MULTIPOLYGON (((127.0149833111269 37.27342319564606, 127.0149543952338 37.27793003847275, 127.0205942790839 37.27795301345542, 127.020622858788 37.27344616690252, 127.0149833111269 37.27342319564606)))",127.0177887,37.27568813
다사54b18a,0.346606335,"MULTIPOLYGON (((126.9868774204413 37.25978381835828, 126.9868468440496 37.26429065228294, 126.9924856866483 37.26431495885399, 126.9925159270832 37.25980812098663, 126.9868774204413 37.25978381835828)))",126.9896815,37.26204941
다사54b23b,0.346596859,"MULTIPOLYGON (((126.9865407055334 37.30935880116598, 126.9865100541869 37.31386559701459, 126.9921525972501 37.31388994698563, 126.9921829118163 37.30938314718925, 126.9865407055334 37.30935880116598)))",126.9893466,37.3116244
다사54b23a,0.346418877,"MULTIPOLYGON (((126.986571350058 37.30485200185517, 126.9865407055334 37.30935880116598, 126.9921829118163 37.30938314718925, 126.9922132196355 37.30487634393113, 126.986571350058 37.30485200185517)))",126.989377,37.3071176
다사56a18b,0.346122282,"MULTIPOLYGON (((127.003763391965 37.26436276634158, 127.0037338168668 37.26886960850427, 127.0093730154715 37.26889311323128, 127.0094022545334 37.26438626725614, 127.003763391965 37.26436276634158)))",127.0065681,37.26662796
다사51b18a,0.345405405,"MULTIPOLYGON (((126.9530465261017 37.25963236398506, 126.9530139340029 37.26413917333898, 126.9586527346433 37.26416509119561, 126.9586849907951 37.25965827763768, 126.9530465261017 37.25963236398506)))",126.9558495,37.26189875
다사50a18a,0.344444444,"MULTIPOLYGON (((126.9361311758391 37.25955301202929, 126.9360975759093 37.26405980850981, 126.9417363545611 37.26408653199498, 126.941769618549 37.25957973117976, 126.9361311758391 37.25955301202929)))",126.9389337,37.26181979
다사57b19b,0.343712091,"MULTIPOLYGON (((127.020622858788 37.27344616690252, 127.0205942790839 37.27795301345542, 127.0262341692958 37.27797571975135, 127.0262624128095 37.27346886951584, 127.020622858788 37.27344616690252)))",127.0234284,37.27571096
다사55b21b,0.343709468,"MULTIPOLYGON (((126.9979449692776 37.29137997481192, 126.9979150181725 37.29588679235673, 127.0035562279738 37.29591058882604, 127.003585842595 37.29140376742249, 126.9979449692776 37.29137997481192)))",127.0007505,37.2936453
다사56a23b,0.343642612,"MULTIPOLYGON (((127.0034673445484 37.3094310322737, 127.0034377035476 37.31393783983476, 127.009080266632 37.31396138271089, 127.0091095708478 37.30945457133289, 127.0034673445484 37.3094310322737)))",127.0062737,37.31169623
다사53b18b,0.343300748,"MULTIPOLYGON (((126.9755691793453 37.26424123349137, 126.975537924089 37.26874805593837, 126.9811770890291 37.268772903639, 126.981208008257 37.26426607716173, 126.9755691793453 37.26424123349137)))",126.9783731,37.26650709
다사53b16a,0.343249428,"MULTIPOLYGON (((126.9757253513244 37.24170706933476, 126.9756941308301 37.24621390908845, 126.9813316163757 37.24623873664249, 126.9813625012151 37.24173189286091, 126.9757253513244 37.24170706933476)))",126.9785284,37.24397292
다사53a21b,0.340332458,"MULTIPOLYGON (((126.9697407041764 37.2912569795748, 126.9697090706761 37.29576377717205, 126.975350246391 37.29578891791738, 126.9753815434155 37.29128211624343, 126.9697407041764 37.2912569795748)))",126.9725454,37.29352297
다사52b20a,0.339901478,"MULTIPOLYGON (((126.9641957392165 37.27771117288621, 126.9641637905825 37.28221797675327, 126.9698039500577 37.28224337399134, 126.969835562442 37.27773656600542, 126.9641957392165 37.27771117288621)))",126.9669998,37.27997729
다사56b21b,0.339709105,"MULTIPOLYGON (((127.0092267225036 37.29142729121847, 127.0091974443676 37.29593411643713, 127.0148386672791 37.29595737518907, 127.0148676089282 37.29145054619886, 127.0092267225036 37.29142729121847)))",127.0120326,37.29369235
다사56a17b,0.339045288,"MULTIPOLYGON (((127.0038225224176 37.25534907163836, 127.0037929604814 37.25985592071955, 127.0094314870883 37.25987941782212, 127.0094607131377 37.25537256492938, 127.0038225224176 37.25534907163836)))",127.0066269,37.25761427
다사51a22b,0.338557994,"MULTIPOLYGON (((126.9471114522562 37.30016730306922, 126.9470784581845 37.3046740769933, 126.9527202784452 37.3047003016445, 126.952752935898 37.30019352346835, 126.9471114522562 37.30016730306922)))",126.9499158,37.30243382
다사56b17b,0.338451592,"MULTIPOLYGON (((127.0094607131377 37.25537256492938, 127.0094314870883 37.25987941782212, 127.0150700202007 37.25990264641415, 127.0150989103618 37.25539578975339, 127.0094607131377 37.25537256492938)))",127.0122653,37.25763763
다사58b15b,0.338394794,"MULTIPOLYGON (((127.0321250082242 37.23743634803338, 127.0320971505482 37.24194322956325, 127.0377343658065 37.24196536973101, 127.0377618878872 37.23745848460905, 127.0321250082242 37.23743634803338)))",127.0349296,37.23970088
다사53a20a,0.338170625,"MULTIPOLYGON (((126.969835562442 37.27773656600542, 126.9698039500577 37.28224337399134, 126.9754441165698 37.282268502508, 126.9754753927028 37.27776169044684, 126.969835562442 37.27773656600542)))",126.9726398,37.28000256
다사61a19b,0.337743191,"MULTIPOLYGON (((127.0600998663181 37.27359944363801, 127.0600736399772 37.27810631505416, 127.0657135726272 37.27812714051743, 127.0657394627678 37.27362026572371, 127.0600998663181 37.27359944363801)))",127.0629066,37.27586331
다사50b19a,0.337234504,"MULTIPOLYGON (((126.9417030831689 37.26859332934559, 126.9416698043706 37.27310012323147, 126.9473092625384 37.27312658675866, 126.9473422052434 37.26861978858065, 126.9417030831689 37.26859332934559)))",126.9445061,37.27085998
다사58a21b,0.337116279,"MULTIPOLYGON (((127.0261494010264 37.29149624970912, 127.0261211323555 37.29600308611163, 127.0317623743707 37.29602553828035, 127.0317903065502 37.29151869823709, 127.0261494010264 37.29149624970912)))",127.0289558,37.29376092
다사56b19a,0.334093129,"MULTIPOLYGON (((127.0093730154715 37.26889311323128, 127.0093437699011 37.27339995574739, 127.0149833111269 37.27342319564606, 127.0150122205847 37.26891634936062, 127.0093730154715 37.26889311323128)))",127.0121781,37.27115818
다사54a19a,0.333980044,"MULTIPOLYGON (((126.9811770890291 37.268772903639, 126.9811461629187 37.27327972665495, 126.9867856708462 37.27330430975004, 126.9868162608518 37.26879748274692, 126.9811770890291 37.268772903639)))",126.9839813,37.27103863
다사55a23b,0.33380401,"MULTIPOLYGON (((126.9921829118163 37.30938314718925, 126.9921525972501 37.31388994698563, 126.997795147062 37.31391402792602, 126.9978251248463 37.30940722422549, 126.9921829118163 37.30938314718925)))",126.9949889,37.31164861
다사50b18b,0.333333333,"MULTIPOLYGON (((126.9417363545611 37.26408653199498, 126.9417030831689 37.26859332934559, 126.9473422052434 37.26861978858065, 126.9473751406172 37.26411298693841, 126.9417363545611 37.26408653199498)))",126.9445392,37.26635318
다사56b18a,0.332541568,"MULTIPOLYGON (((127.0094314870883 37.25987941782212, 127.0094022545334 37.26438626725614, 127.0150411236088 37.2644094996166, 127.0150700202007 37.25990264641415, 127.0094314870883 37.25987941782212)))",127.0122362,37.26214448
다사57a19a,0.330326461,"MULTIPOLYGON (((127.0150122205847 37.26891634936062, 127.0149833111269 37.27342319564606, 127.020622858788 37.27344616690252, 127.0206514321317 37.26893931689133, 127.0150122205847 37.26891634936062)))",127.0178175,37.27118128
다사54a17a,0.329967875,"MULTIPOLYGON (((126.9813007246617 37.25074557696352, 126.9812698260717 37.25525241382385, 126.9869079900285 37.25527698097306, 126.9869385528128 37.25077014012743, 126.9813007246617 37.25074557696352)))",126.9841043,37.2530113
다사56b18b,0.329198051,"MULTIPOLYGON (((127.0094022545334 37.26438626725614, 127.0093730154715 37.26889311323128, 127.0150122205847 37.26891634936062, 127.0150411236088 37.2644094996166, 127.0094022545334 37.26438626725614)))",127.0122072,37.26665133
다사55a23a,0.328992186,"MULTIPOLYGON (((126.9922132196355 37.30487634393113, 126.9921829118163 37.30938314718925, 126.9978251248463 37.30940722422549, 126.9978550959584 37.30490041706366, 126.9922132196355 37.30487634393113)))",126.9950191,37.30714181
다사56a17a,0.327454719,"MULTIPOLYGON (((127.0038520777751 37.25084221909812, 127.0038225224176 37.25534907163836, 127.0094607131377 37.25537256492938, 127.0094899326831 37.25086570857804, 127.0038520777751 37.25084221909812)))",127.0066563,37.25310741
다사52a17b,0.326904986,"MULTIPOLYGON (((126.9587172397686 37.25515146061682, 126.9586849907951 37.25965827763768, 126.9643234626668 37.25968392278886, 126.9643553757663 37.25517710160803, 126.9587172397686 37.25515146061682)))",126.9615203,37.25741771
다사56a19a,0.32527842,"MULTIPOLYGON (((127.0037338168668 37.26886960850427, 127.0037042351852 37.27337644720748, 127.0093437699011 37.27339995574739, 127.0093730154715 37.26889311323128, 127.0037338168668 37.26886960850427)))",127.0065387,37.2711348
다사57a18b,0.324723247,"MULTIPOLYGON (((127.0150411236088 37.2644094996166, 127.0150122205847 37.26891634936062, 127.0206514321317 37.26893931689133, 127.0206799991165 37.26443246342199, 127.0150411236088 37.2644094996166)))",127.0178462,37.26667443
다사56b21a,0.323466585,"MULTIPOLYGON (((127.0092559941233 37.28692046254001, 127.0092267225036 37.29142729121847, 127.0148676089282 37.29145054619886, 127.014896544136 37.2869437137493, 127.0092559941233 37.28692046254001)))",127.0120617,37.28918553
다사52a21b,0.322513089,"MULTIPOLYGON (((126.9584590468939 37.29120589981292, 126.9584267404469 37.29571268912601, 126.964067902003 37.29573836757456, 126.9640998719775 37.2912315740976, 126.9584590468939 37.29120589981292)))",126.9612634,37.29347216
다사53a22a,0.321460112,"MULTIPOLYGON (((126.9697090706761 37.29576377717205, 126.9696774301338 37.30027057130611, 126.9753189423995 37.30029571612862, 126.975350246391 37.29578891791738, 126.9697090706761 37.29576377717205)))",126.9725139,37.29802977
다사53b23b,0.321428571,"MULTIPOLYGON (((126.9752563135088 37.30930930216238, 126.9752249886063 37.3138160899846, 126.9808675179473 37.31384097801391, 126.9808985060726 37.3093341861567, 126.9752563135088 37.30930930216238)))",126.9780618,37.31157516
다사57a26a,0.321428571,"MULTIPOLYGON (((127.0146069020204 37.33201188255614, 127.0145779023321 37.33651868040544, 127.0202221634543 37.33654170386848, 127.0202508259795 37.33203490228728, 127.0146069020204 37.33201188255614)))",127.0174144,37.33427681
다사61a18a,0.321198331,"MULTIPOLYGON (((127.0601785103259 37.26007880865789, 127.0601523014911 37.26458569043973, 127.0657912257645 37.26460650577145, 127.0658170986234 37.2600996206132, 127.0601785103259 37.26007880865789)))",127.0629848,37.26234268
다사56a19b,0.320965309,"MULTIPOLYGON (((127.0037042351852 37.27337644720748, 127.0036746469188 37.27788328245106, 127.0093145178206 37.27790679480432, 127.0093437699011 37.27339995574739, 127.0037042351852 37.27337644720748)))",127.0065093,37.27564164
다사57b15a,0.320556024,"MULTIPOLYGON (((127.0208797900842 37.23288439232105, 127.0208512675704 37.23739126999322, 127.0264881347604 37.23741394316114, 127.0265163217564 37.23290706181023, 127.0208797900842 37.23288439232105)))",127.0236839,37.23514919
다사54b18b,0.320084567,"MULTIPOLYGON (((126.9868468440496 37.26429065228294, 126.9868162608518 37.26879748274692, 126.9924554394821 37.2688217932611, 126.9924856866483 37.26431495885399, 126.9868468440496 37.26429065228294)))",126.9896511,37.26655624
다사57b21b,0.319806024,"MULTIPOLYGON (((127.0205085017941 37.29147353236273, 127.0204798966334 37.29598036508088, 127.0261211323555 37.29600308611163, 127.0261494010264 37.29149624970912, 127.0205085017941 37.29147353236273)))",127.0233147,37.29373833
다사56b20a,0.318952234,"MULTIPOLYGON (((127.0093145178206 37.27790679480432, 127.0092852592285 37.2824136304019, 127.0149254729041 37.28243687784055, 127.0149543952338 37.27793003847275, 127.0093145178206 37.27790679480432)))",127.0121199,37.28017186
다사58a22a,0.31505874,"MULTIPOLYGON (((127.0261211323555 37.29600308611163, 127.0260928573917 37.30050991905549, 127.0317344359731 37.30053237486541, 127.0317623743707 37.29602553828035, 127.0261211323555 37.29600308611163)))",127.0289277,37.29826775
다사61a17b,0.314485981,"MULTIPOLYGON (((127.0602047133281 37.25557192342112, 127.0601785103259 37.26007880865789, 127.0658170986234 37.2600996206132, 127.0658429657244 37.25559273200041, 127.0602047133281 37.25557192342112)))",127.0630108,37.25783579
다사57a21b,0.31429652,"MULTIPOLYGON (((127.0148676089282 37.29145054619886, 127.0148386672791 37.29595737518907, 127.0204798966334 37.29598036508088, 127.0205085017941 37.29147353236273, 127.0148676089282 37.29145054619886)))",127.0176737,37.29371548
다사57a21a,0.313601596,"MULTIPOLYGON (((127.014896544136 37.2869437137493, 127.0148676089282 37.29145054619886, 127.0205085017941 37.29147353236273, 127.0205371005884 37.28696669618567, 127.014896544136 37.2869437137493)))",127.0177024,37.28920864
다사58b22a,0.312796209,"MULTIPOLYGON (((127.0317623743707 37.29602553828035, 127.0317344359731 37.30053237486541, 127.0373760207739 37.30055456176879, 127.0374036226038 37.29604772158615, 127.0317623743707 37.29602553828035)))",127.0345691,37.29829007
다사55b19a,0.310464611,"MULTIPOLYGON (((126.9980946248454 37.26884583518055, 126.9980647070543 37.27335267002729, 127.0037042351852 37.27337644720748, 127.0037338168668 37.26886960850427, 126.9980946248454 37.26884583518055)))",127.0008993,37.27111116
다사55b24a,0.30952381,"MULTIPOLYGON (((126.997795147062 37.31391402792602, 126.9977651626041 37.3184208281651, 127.0034080559481 37.31844464393484, 127.0034377035476 37.31393783983476, 126.997795147062 37.31391402792602)))",127.0006015,37.31617936
다사56b20b,0.306953339,"MULTIPOLYGON (((127.0092852592285 37.2824136304019, 127.0092559941233 37.28692046254001, 127.014896544136 37.2869437137493, 127.0149254729041 37.28243687784055, 127.0092852592285 37.2824136304019)))",127.0120908,37.28467869
다사57b21a,0.306520704,"MULTIPOLYGON (((127.0205371005884 37.28696669618567, 127.0205085017941 37.29147353236273, 127.0261494010264 37.29149624970912, 127.0261776634057 37.28698940984814, 127.0205371005884 37.28696669618567)))",127.0233432,37.28923149
다사57b20a,0.304814233,"MULTIPOLYGON (((127.0205942790839 37.27795301345542, 127.0205656930179 37.28245985654983, 127.0262059194951 37.28248256652883, 127.0262341692958 37.27797571975135, 127.0205942790839 37.27795301345542)))",127.0234,37.28021781
다사57b22a,0.302009274,"MULTIPOLYGON (((127.0204798966334 37.29598036508088, 127.0204512851048 37.30048719433998, 127.0260928573917 37.30050991905549, 127.0261211323555 37.29600308611163, 127.0204798966334 37.29598036508088)))",127.0232863,37.29824516
다사55b18b,0.297239915,"MULTIPOLYGON (((126.9981245359784 37.26433899687385, 126.9980946248454 37.26884583518055, 127.0037338168668 37.26886960850427, 127.003763391965 37.26436276634158, 126.9981245359784 37.26433899687385)))",127.0009291,37.26660432
다사60a16b,0.293395675,"MULTIPOLYGON (((127.0489819577641 37.24651573376292, 127.0489550949237 37.25102261902805, 127.0545929997591 37.25104396109419, 127.0546195268505 37.24653707236677, 127.0489819577641 37.24651573376292)))",127.0517874,37.24877987
다사60b22a,0.289473684,"MULTIPOLYGON (((127.0543274038627 37.29611265831682, 127.0543008117444 37.3006195090306, 127.0599424206741 37.30064062029879, 127.0599686762191 37.29613376616183, 127.0543274038627 37.29611265831682)))",127.0571348,37.29837666
다사57b20b,0.286508633,"MULTIPOLYGON (((127.0205656930179 37.28245985654983, 127.0205371005884 37.28696669618567, 127.0261776634057 37.28698940984814, 127.0262059194951 37.28248256652883, 127.0205656930179 37.28245985654983)))",127.0233716,37.28472465
다사59b20b,0.285714286,"MULTIPOLYGON (((127.0431266363586 37.28254908407467, 127.0430993892984 37.28705593818292, 127.0487399768265 37.28707757674059, 127.0487668875409 37.2825707191232, 127.0431266363586 37.28254908407467)))",127.0459332,37.28481335
다사55a18a,0.285524568,"MULTIPOLYGON (((126.9925159270832 37.25980812098663, 126.9924856866483 37.26431495885399, 126.9981245359784 37.26433899687385, 126.9981544404548 37.2598321551074, 126.9925159270832 37.25980812098663)))",126.9953201,37.26207358
다사53b24a,0.283333333,"MULTIPOLYGON (((126.9752249886063 37.3138160899846, 126.9751936567303 37.31832287434349, 126.9808365229234 37.31834776640827, 126.9808675179473 37.31384097801391, 126.9752249886063 37.3138160899846)))",126.9780307,37.31608195
다사50b18a,0.282828283,"MULTIPOLYGON (((126.941769618549 37.25957973117976, 126.9417363545611 37.26408653199498, 126.9473751406172 37.26411298693841, 126.9474080686615 37.25960618183205, 126.941769618549 37.25957973117976)))",126.9445723,37.26184638
다사57a20b,0.282593857,"MULTIPOLYGON (((127.0149254729041 37.28243687784055, 127.014896544136 37.2869437137493, 127.0205371005884 37.28696669618567, 127.0205656930179 37.28245985654983, 127.0149254729041 37.28243687784055)))",127.0177312,37.28470181
다사56a16b,0.278787879,"MULTIPOLYGON (((127.0038816265553 37.24633536309904, 127.0038520777751 37.25084221909812, 127.0094899326831 37.25086570857804, 127.0095191457261 37.2463588487683, 127.0038816265553 37.24633536309904)))",127.0066857,37.24860056
다사60b18a,0.278409091,"MULTIPOLYGON (((127.054539927861 37.26005772818382, 127.0545133830516 37.2645646065457, 127.0601523014911 37.26458569043973, 127.0601785103259 37.26007880865789, 127.054539927861 37.26005772818382)))",127.057346,37.26232173
다사50b21b,0.277777778,"MULTIPOLYGON (((126.9415366150828 37.29112726412451, 126.9415032992284 37.29563404068439, 126.9471444389847 37.29566052567984, 126.9471774183716 37.2911537448253, 126.9415366150828 37.29112726412451)))",126.9443404,37.29339392
다사60b17b,0.276960784,"MULTIPOLYGON (((127.0545664667631 37.2555508463666, 127.054539927861 37.26005772818382, 127.0601785103259 37.26007880865789, 127.0602047133281 37.25557192342112, 127.0545664667631 37.2555508463666)))",127.0573724,37.25781485
다사54b16a,0.276190476,"MULTIPOLYGON (((126.9869996579788 37.24175644805564, 126.9869691087956 37.24626329582158, 126.9926066080154 37.2462875866247, 126.9926368215406 37.24178073491792, 126.9869996579788 37.24175644805564)))",126.989803,37.24402204
다사53b24b,0.271604938,"MULTIPOLYGON (((126.9751936567303 37.31832287434349, 126.975162317879 37.32282965523891, 126.9808055209992 37.32285455133965, 126.9808365229234 37.31834776640827, 126.9751936567303 37.31832287434349)))",126.9779995,37.32058873
다사53a25a,0.271186441,"MULTIPOLYGON (((126.9695191217356 37.32280449002333, 126.9694874389071 37.32731126337509, 126.9751309720509 37.32733643267072, 126.975162317879 37.32282965523891, 126.9695191217356 37.32280449002333)))",126.972325,37.32507048
다사54b16b,0.27027027,"MULTIPOLYGON (((126.9869691087956 37.24626329582158, 126.9869385528128 37.25077014012743, 126.9925763877651 37.25079443487184, 126.9926066080154 37.2462875866247, 126.9869691087956 37.24626329582158)))",126.9897727,37.24852889
다사53b15b,0.268292683,"MULTIPOLYGON (((126.9757565648711 37.2372002261202, 126.9757253513244 37.24170706933476, 126.9813625012151 37.24173189286091, 126.9813933791818 37.23722504561891, 126.9757565648711 37.2372002261202)))",126.9785594,37.23946608
다사52a20a,0.260869565,"MULTIPOLYGON (((126.9585559231012 37.27768551109024, 126.9585236382193 37.28219231079488, 126.9641637905825 37.28221797675327, 126.9641957392165 37.27771117288621, 126.9585559231012 37.27768551109024)))",126.9613598,37.27995177
다사58a22b,0.255813954,"MULTIPOLYGON (((127.0260928573917 37.30050991905549, 127.0260645761335 37.3050167485406, 127.031706491356 37.30503920799212, 127.0317344359731 37.30053237486541, 127.0260928573917 37.30050991905549)))",127.0288996,37.30277459
다사58b21b,0.253363229,"MULTIPOLYGON (((127.0317903065502 37.29151869823709, 127.0317623743707 37.29602553828035, 127.0374036226038 37.29604772158615, 127.0374312182906 37.29154087794573, 127.0317903065502 37.29151869823709)))",127.0345969,37.29378323
다사52b17a,0.25210084,"MULTIPOLYGON (((126.9643872817639 37.25067027696488, 126.9643553757663 37.25517710160803, 126.9699935188658 37.2552024741403, 126.9700250890626 37.25069564538121, 126.9643872817639 37.25067027696488)))",126.9671903,37.2529364
다사54a16a,0.25,"MULTIPOLYGON (((126.9813625012151 37.24173189286091, 126.9813316163757 37.24623873664249, 126.9869691087956 37.24626329582158, 126.9869996579788 37.24175644805564, 126.9813625012151 37.24173189286091)))",126.9841657,37.24399762
다사55a17b,0.247933884,"MULTIPOLYGON (((126.9925461607882 37.25530127965922, 126.9925159270832 37.25980812098663, 126.9981544404548 37.2598321551074, 126.9981843382762 37.25532530988131, 126.9925461607882 37.25530127965922)))",126.9953502,37.25756674
다사53b23a,0.247619048,"MULTIPOLYGON (((126.9752876314393 37.30480251087701, 126.9752563135088 37.30930930216238, 126.9808985060726 37.3093341861567, 126.980929487301 37.3048273908368, 126.9752876314393 37.30480251087701)))",126.978093,37.30706837
다사61b17b,0.243902439,"MULTIPOLYGON (((127.0658429657244 37.25559273200041, 127.0658170986234 37.2600996206132, 127.0714556926788 37.26012016404888, 127.0714812238773 37.25561327210365, 127.0658429657244 37.25559273200041)))",127.0686492,37.25785647
다사52b20b,0.242424242,"MULTIPOLYGON (((126.9641637905825 37.28221797675327, 126.9641318348368 37.28672477715713, 126.9697723306363 37.2867501785145, 126.9698039500577 37.28224337399134, 126.9641637905825 37.28221797675327)))",126.966968,37.2844841
다사60a20a,0.241120219,"MULTIPOLYGON (((127.0487937922662 37.27806385804933, 127.0487668875409 37.2825707191232, 127.0544071447124 37.28259208543686, 127.0544337131652 37.27808522089782, 127.0487937922662 37.27806385804933)))",127.0516004,37.28032799
다사58a23b,0.236842105,"MULTIPOLYGON (((127.0260362885793 37.30952357456677, 127.0260079947278 37.31403039713386, 127.0316505834574 37.31405286386989, 127.0316785405179 37.30954603766033, 127.0260362885793 37.30952357456677)))",127.0288434,37.31178824
다사57a20a,0.234275822,"MULTIPOLYGON (((127.0149543952338 37.27793003847275, 127.0149254729041 37.28243687784055, 127.0205656930179 37.28245985654983, 127.0205942790839 37.27795301345542, 127.0149543952338 37.27793003847275)))",127.01776,37.28019497
다사50a20b,0.23255814,"MULTIPOLYGON (((126.9359631013818 37.28208695977939, 126.9359294640391 37.28659373893289, 126.9415699235225 37.28662048409914, 126.9416032245492 37.28211370060839, 126.9359631013818 37.28208695977939)))",126.9387664,37.28435374
다사55a17a,0.228571429,"MULTIPOLYGON (((126.9925763877651 37.25079443487184, 126.9925461607882 37.25530127965922, 126.9981843382762 37.25532530988131, 126.9982142294441 37.25081846119574, 126.9925763877651 37.25079443487184)))",126.9953803,37.25305989
다사60b17a,0.225856698,"MULTIPOLYGON (((127.0545929997591 37.25104396109419, 127.0545664667631 37.2555508463666, 127.0602047133281 37.25557192342112, 127.0602309104991 37.25106503472954, 127.0545929997591 37.25104396109419)))",127.0573988,37.25330796
다사54b24b,0.220779221,"MULTIPOLYGON (((126.9864793960167 37.31837238940081, 126.9864487310212 37.32287917832451, 126.9920919478701 37.32290353619248, 126.9921222759352 37.31839674332009, 126.9864793960167 37.31837238940081)))",126.9892856,37.32063798
다사54a17b,0.201257862,"MULTIPOLYGON (((126.9812698260717 37.25525241382385, 126.981238920604 37.2597592472233, 126.9868774204413 37.25978381835828, 126.9869079900285 37.25527698097306, 126.9812698260717 37.25525241382385)))",126.9840735,37.25751814
다사54b17a,0.197969543,"MULTIPOLYGON (((126.9869385528128 37.25077014012743, 126.9869079900285 37.25527698097306, 126.9925461607882 37.25530127965922, 126.9925763877651 37.25079443487184, 126.9869385528128 37.25077014012743)))",126.9897423,37.25303573
다사57b14b,0.195402299,"MULTIPOLYGON (((127.0209083062508 37.22837751119195, 127.0208797900842 37.23288439232105, 127.0265163217564 37.23290706181023, 127.02654450248 37.22840017700281, 127.0209083062508 37.22837751119195)))",127.0237122,37.23064231
다사57a24a,0.194444444,"MULTIPOLYGON (((127.0147228362402 37.31398465655342, 127.0146938623622 37.31849146824462, 127.0203367752821 37.31851447678274, 127.0203654122971 37.31400766136139, 127.0147228362402 37.31398465655342)))",127.0175297,37.31624959
다사57a25b,0.191011236,"MULTIPOLYGON (((127.0146358952538 37.32750508124614, 127.0146069020204 37.33201188255614, 127.0202508259795 37.33203490228728, 127.0202794821248 37.32752809724585, 127.0146358952538 37.32750508124614)))",127.0174433,37.32977001
다사51b16b,0.169014085,"MULTIPOLYGON (((126.9531442588868 37.24611191514335, 126.953111688542 37.25061873488709, 126.9587494815655 37.25064464013316, 126.9587817161874 37.24613781618688, 126.9531442588868 37.24611191514335)))",126.9559468,37.2483783
다사58a14b,0.14893617,"MULTIPOLYGON (((127.02654450248 37.22840017700281, 127.0265163217564 37.23290706181023, 127.032152859701 37.23292946304727, 127.0321807049801 37.22842257460509, 127.02654450248 37.22840017700281)))",127.0293486,37.23066484
다사57b24b,0.106796117,"MULTIPOLYGON (((127.0203367752821 37.31851447678274, 127.0203081318919 37.32302128874426, 127.0259513881267 37.3230440318902, 127.0259796945774 37.31853721624172, 127.0203367752821 37.31851447678274)))",127.023144,37.32077928
다사53b14b,0.099236641,"MULTIPOLYGON (((126.9758189711283 37.22818652930904, 126.9757877714718 37.2326933794449, 126.9814242502772 37.23271819491667, 126.9814551145029 37.22821134075431, 126.9758189711283 37.22818652930904)))",126.9786215,37.23045238
