,관리기관명,소재지도로명주소,소재지지번주소,설치목적구분,카메라대수,카메라화소수,촬영방면정보,보관일수,설치연월,관리기관전화번호,위도,경도,데이터기준일자,제공기관코드,제공기관명
364,경기도지사,경기도 수원시 권선구 권광로 129,경기도 수원시 권선구 권선동 1015-6,생활방범,9,200.0,,30.0,2000-01,031-230-1615,37.259429,127.03038,2017-04-19,B460004,대한적십자사
6277,경기도혈액원,경기도 수원시 권선구 권광로 129,경기도 수원시 권선구 권선동 1015-6번지,생활방범,6,200.0,,30.0,2012-10,031-220-8500,37.259429,127.03038,2017-04-19,B460004,대한적십자사
6279,경기도혈액원,경기도 수원시 팔달구 덕영대로 923-1 새수원빌딩 4층,경기도 수원시 팔달구 매산로1가 57-104 새수원빌딩 4층,생활방범,2,200.0,,30.0,2015-11,031-245-6518,37.266146,127.001686,2017-04-19,B460004,대한적십자사
7817,경기도 수원시,경기도 수원시 팔달구 창룡대로103번길 41,경기도 수원시 팔달구 매향동 121-136,생활방범,4,200.0,360도전방면,30.0,2017-05,031-228-3304,37.2866498,127.0227291,2020-07-31,3740000,경기도 수원시
7818,경기도 수원시,경기도 수원시 장안구 연무로13번길 13,경기도 수원시 장안구 연무동 239-22,생활방범,1,200.0,360도전방면,30.0,2017-05,031-228-3304,37.2932893,127.0283584,2020-07-31,3740000,경기도 수원시
7819,경기도 수원시,경기도 수원시 팔달구 팔달문로163번길 7,,생활방범,1,200.0,360도전방면,30.0,2017-05,031-228-3304,37.2834309,127.0335535,2020-07-31,3740000,경기도 수원시
7820,경기도 수원시,경기도 수원시 장안구 창훈로52번길 3,경기도 수원시 장안구 연무동 56-118,생활방범,1,200.0,360도전방면,30.0,2012-09,031-228-3304,37.2970642,127.0301981,2020-07-31,3740000,경기도 수원시
7821,경기도 수원시,경기도 수원시 팔달구 수원천로213번길 4,경기도 수원시 팔달구 구천동 46-35,생활방범,7,200.0,360도전방면,30.0,2018-12,031-228-3304,37.2729909,127.0180577,2020-07-31,3740000,경기도 수원시
7822,경기도 수원시,경기도 수원시 팔달구 수성로232번길 42,,생활방범,1,200.0,360도전방면,30.0,2017-05,031-228-3304,37.2875705,126.9988109,2020-07-31,3740000,경기도 수원시
7823,경기도 수원시,경기도 수원시 팔달구 수성로232번길 61,,생활방범,1,200.0,360도전방면,30.0,2017-05,031-228-3304,37.2866784,126.9987884,2020-07-31,3740000,경기도 수원시
7824,경기도 수원시,경기도 수원시 팔달구 수성로244번길 38,,생활방범,1,130.0,360도전방면,30.0,2012-09,031-228-3304,37.2874263,126.9992508,2020-07-31,3740000,경기도 수원시
7825,경기도 수원시,경기도 수원시 팔달구 수성로244번길 20-3,,생활방범,1,200.0,360도전방면,30.0,2017-01,031-228-3304,37.2881201,126.999059,2020-07-31,3740000,경기도 수원시
7826,경기도 수원시,경기도 수원시 권선구 덕영대로997번길 57,,생활방범,1,200.0,360도전방면,30.0,2017-05,031-228-3304,37.2585123,127.0070641,2020-07-31,3740000,경기도 수원시
7827,경기도 수원시,경기도 수원시 권선구 구운중로11번길 49,경기도 수원시 권선구 구운동 538,생활방범,4,200.0,360도전방면,30.0,2017-05,031-228-3304,37.2756815,126.9704207,2020-07-31,3740000,경기도 수원시
7829,경기도 수원시,경기도 수원시 권선구 세화로169번길 26-1,경기도 수원시 권선구 서둔동 45-37,생활방범,4,200.0,360도전방면,30.0,2017-05,031-228-3304,37.2668734,126.9915855,2020-07-31,3740000,경기도 수원시
7830,경기도 수원시,경기도 수원시 권선구 서둔로7번길 19,경기도 수원시 권선구 고색동 890-174,생활방범,1,130.0,360도전방면,30.0,2012-09,031-228-3304,37.2520684,126.9830664,2020-07-31,3740000,경기도 수원시
7831,경기도 수원시,경기도 수원시 권선구 칠보로125번길 28,경기도 수원시 권선구 호매실동 464-1,생활방범,1,200.0,360도전방면,30.0,2017-05,031-228-3304,37.2667367,126.9515973,2020-07-31,3740000,경기도 수원시
7832,경기도 수원시,경기도 수원시 권선구 세권로61번길 21,,생활방범,5,130.0,360도전방면,30.0,2016-11,031-228-3304,37.2598186,127.011562,2020-07-31,3740000,경기도 수원시
7833,경기도 수원시,경기도 수원시 권선구 권선로545번길 14,,생활방범,1,130.0,360도전방면,30.0,2012-09,031-228-3304,37.2636299,127.0115624,2020-07-31,3740000,경기도 수원시
7834,경기도 수원시,경기도 수원시 권선구 수원천로 103,,생활방범,4,200.0,360도전방면,30.0,2017-05,031-228-3304,37.2640714,127.0123403,2020-07-31,3740000,경기도 수원시
7835,경기도 수원시,경기도 수원시 권선구 효원로94번길 15-14,,생활방범,1,200.0,360도전방면,30.0,2017-05,031-228-3304,37.2652697,127.0122277,2020-07-31,3740000,경기도 수원시
7836,경기도 수원시,경기도 수원시 권선구 세권로85번길 13,,생활방범,1,200.0,360도전방면,30.0,2017-05,031-228-3304,37.2588813,127.0138615,2020-07-31,3740000,경기도 수원시
7838,경기도 수원시,경기도 수원시 영통구 매원로11번길 8-16,,생활방범,1,200.0,360도전방면,30.0,2017-01,031-228-3304,37.2671535,127.0483382,2020-07-31,3740000,경기도 수원시
7839,경기도 수원시,경기도 수원시 장안구 덕영대로535번길 67,경기도 수원시 장안구 천천동 514,생활방범,1,200.0,360도전방면,30.0,2012-02,031-228-3304,37.2983993,126.983449,2020-07-31,3740000,경기도 수원시
7840,경기도 수원시,경기도 수원시 장안구 서부로 2066,경기도 수원시 장안구 천천동 500,생활방범,1,200.0,360도전방면,30.0,2012-02,031-228-3304,37.299119,126.9779561,2020-07-31,3740000,경기도 수원시
7841,경기도 수원시,경기도 수원시 장안구 정자천로134번길 23,,생활방범,1,130.0,360도전방면,30.0,2012-02,031-228-3304,37.2923996,126.9922809,2020-07-31,3740000,경기도 수원시
7843,경기도 수원시,경기도 수원시 팔달구 중부대로87번길 15,경기도 수원시 팔달구 지동 115-8,생활방범,4,200.0,360도전방면,30.0,2016-06,031-228-3304,37.2771524,127.0258386,2020-07-31,3740000,경기도 수원시
7844,경기도 수원시,경기도 수원시 팔달구 세지로331번길 38,경기도 수원시 팔달구 지동 297-21,생활방범,4,200.0,360도전방면,30.0,2016-06,031-228-3304,37.2815411,127.0221752,2020-07-31,3740000,경기도 수원시
7845,경기도 수원시,경기도 수원시 팔달구 세지로377번길 14-1,경기도 수원시 팔달구 지동 231-3,생활방범,4,130.0,360도전방면,30.0,2016-06,031-228-3304,37.2843786,127.0262016,2020-07-31,3740000,경기도 수원시
7846,경기도 수원시,경기도 수원시 팔달구 중부대로39번길 47,경기도 수원시 팔달구 지동 350-20,생활방범,4,130.0,360도전방면,30.0,2016-06,031-228-3304,37.2771532,127.0214976,2020-07-31,3740000,경기도 수원시
7847,경기도 수원시,경기도 수원시 팔달구 팔달문로82번길 38-3,경기도 수원시 팔달구 지동 178-6,생활방범,4,130.0,360도전방면,30.0,2016-06,031-228-3304,37.2796841,127.0270571,2020-07-31,3740000,경기도 수원시
7848,경기도 수원시,경기도 수원시 권선구 세지로77번길 11-2,,생활방범,1,200.0,360도전방면,30.0,2017-01,031-228-3304,37.2589891,127.0169728,2020-07-31,3740000,경기도 수원시
7850,경기도 수원시,경기도 수원시 영통구 영통로153번길 74-5,경기도 수원시 영통구 망포동 254,생활방범,5,130.0,360도전방면,30.0,2012-02,031-228-3304,37.2416895,127.0507009,2020-07-31,3740000,경기도 수원시
7851,경기도 수원시,경기도 수원시 영통구 영통로501번길 26,,생활방범,5,130.0,360도전방면,30.0,2012-02,031-228-3304,37.2644901,127.0769375,2020-07-31,3740000,경기도 수원시
7852,경기도 수원시,경기도 수원시 영통구 신원로250번길 58,경기도 수원시 영통구 영통동 76-1,생활방범,4,130.0,360도전방면,30.0,2012-02,031-228-3304,37.2571544,127.0633922,2020-07-31,3740000,경기도 수원시
7853,경기도 수원시,경기도 수원시 영통구 영통로174번길 62,경기도 수원시 영통구 망포동 355-1,생활방범,4,130.0,360도전방면,30.0,2012-02,031-228-3304,37.2430735,127.0589179,2020-07-31,3740000,경기도 수원시
7854,경기도 수원시,경기도 수원시 영통구 신원로 97,경기도 수원시 영통구 신동 398-8,생활방범,4,130.0,360도전방면,30.0,2012-02,031-228-3304,37.2476897,127.052339,2020-07-31,3740000,경기도 수원시
7855,경기도 수원시,경기도 수원시 장안구 정자로145번길 40,,생활방범,1,200.0,360도전방면,30.0,2012-02,031-228-3304,37.3054823,126.9909481,2020-07-31,3740000,경기도 수원시
7856,경기도 수원시,경기도 수원시 장안구 정자로130번길 44,,생활방범,1,200.0,360도전방면,30.0,2012-02,031-228-3304,37.3011485,126.9921218,2020-07-31,3740000,경기도 수원시
7857,경기도 수원시,경기도 수원시 장안구 수성로289번길 40,,생활방범,1,200.0,360도전방면,30.0,2012-02,031-228-3304,37.2924271,127.0027804,2020-07-31,3740000,경기도 수원시
7858,경기도 수원시,경기도 수원시 장안구 수성로275번길 28,,생활방범,1,130.0,360도전방면,30.0,2012-02,031-228-3304,37.2916522,127.0016752,2020-07-31,3740000,경기도 수원시
7859,경기도 수원시,경기도 수원시 장안구 만석로 29,경기도 수원시 장안구 천천동 529,생활방범,1,130.0,360도전방면,30.0,2012-02,031-228-3304,37.2974261,126.9833364,2020-07-31,3740000,경기도 수원시
7860,경기도 수원시,경기도 수원시 장안구 덕영대로417번길 1,경기도 수원시 장안구 율전동 192-13,생활방범,1,200.0,360도전방면,30.0,2012-02,031-228-3304,37.3012071,126.9686169197,2020-07-31,3740000,경기도 수원시
7862,경기도 수원시,경기도 수원시 장안구 서부로2106번길 26-130,경기도 수원시 장안구 율전동 439-8,생활방범,1,130.0,360도전방면,30.0,2012-02,031-228-3304,37.2971538,126.9734567,2020-07-31,3740000,경기도 수원시
7863,경기도 수원시,경기도 수원시 장안구 서부로2197번길 35-2,경기도 수원시 장안구 율전동 105-8,생활방범,1,130.0,360도전방면,30.0,2012-02,031-228-3304,37.3040909,126.9704762,2020-07-31,3740000,경기도 수원시
7864,경기도 수원시,경기도 수원시 장안구 수일로 20-7,경기도 수원시 장안구 파장동 201-4,생활방범,1,200.0,360도전방면,30.0,2012-02,031-228-3304,37.3113122,126.994399,2020-07-31,3740000,경기도 수원시
7865,경기도 수원시,경기도 수원시 장안구 장안로 447,경기도 수원시 장안구 이목동 203-1,생활방범,1,200.0,360도전방면,30.0,2012-02,031-228-3304,37.3184013,126.979642,2020-07-31,3740000,경기도 수원시
7866,경기도 수원시,경기도 수원시 권선구 세지로28번길 13,,생활방범,5,200.0,360도전방면,30.0,2017-05,031-228-3304,37.254466,127.0163971,2020-07-31,3740000,경기도 수원시
7867,경기도 수원시,경기도 수원시 권선구 경수대로211번길 18,,생활방범,4,200.0,360도전방면,30.0,2017-05,031-228-3304,37.2464919,127.0163393,2020-07-31,3740000,경기도 수원시
7868,경기도 수원시,경기도 수원시 팔달구 경수대로443번길 18,경기도 수원시 팔달구 인계동 992-12,생활방범,1,130.0,360도전방면,30.0,2012-09,031-228-3304,37.266151,127.0250348,2020-07-31,3740000,경기도 수원시
7869,경기도 수원시,경기도 수원시 권선구 동수원로146번길 187,경기도 수원시 권선구 곡반정동 521-9,생활방범,5,200.0,360도전방면,30.0,2017-05,031-228-3304,37.242407,127.0332777,2020-07-31,3740000,경기도 수원시
7870,경기도 수원시,경기도 수원시 영통구 영통로130번길 59,경기도 수원시 영통구 망포동 415,생활방범,4,200.0,360도전방면,30.0,2017-05,031-228-3304,37.2403523,127.0590511,2020-07-31,3740000,경기도 수원시
7871,경기도 수원시,경기도 수원시 영통구 청명로59번길 59-2,경기도 수원시 영통구 영통동 1027-24,생활방범,4,200.0,360도전방면,30.0,2017-05,031-228-3304,37.2501259,127.0796962,2020-07-31,3740000,경기도 수원시
7872,경기도 수원시,경기도 수원시 영통구 매영로415번길 7,경기도 수원시 영통구 영통동 1015-7,생활방범,5,200.0,360도전방면,30.0,2017-05,031-228-3304,37.2490195,127.0767533,2020-07-31,3740000,경기도 수원시
7873,경기도 수원시,경기도 수원시 영통구 덕영대로1673번길 8-6,경기도 수원시 영통구 영통동 991-3,생활방범,4,200.0,360도전방면,30.0,2017-05,031-228-3304,37.2477684,127.0745768,2020-07-31,3740000,경기도 수원시
7874,경기도 수원시,경기도 수원시 영통구 청명남로4번길 21-1,경기도 수원시 영통구 영통동 1002-8,생활방범,4,200.0,360도전방면,30.0,2017-05,031-228-3304,37.2498769,127.0743871,2020-07-31,3740000,경기도 수원시
7875,경기도 수원시,경기도 수원시 영통구 청명로77번길 7,,생활방범,1,130.0,360도전방면,30.0,2012-09,031-228-3304,37.2533793,127.0786963,2020-07-31,3740000,경기도 수원시
7876,경기도 수원시,경기도 수원시 장안구 장안로42번길 38,경기도 수원시 장안구 영화동 420-1,생활방범,5,200.0,360도전방면,30.0,2017-05,031-228-3304,37.2892103,127.0067838,2020-07-31,3740000,경기도 수원시
7877,경기도 수원시,경기도 수원시 장안구 수성로402번길 30-4,경기도 수원시 장안구 영화동 212-13,생활방범,4,200.0,360도전방면,30.0,2017-05,031-228-3304,37.2933724,127.0157273,2020-07-31,3740000,경기도 수원시
7878,경기도 수원시,경기도 수원시 팔달구 정조로886번길 7,경기도 수원시 팔달구 북수동 109-3,생활방범,5,130.0,360도전방면,30.0,2012-09,031-228-3304,37.2870382,127.0156135,2020-07-31,3740000,경기도 수원시
7879,경기도 수원시,경기도 수원시 권선구 덕영대로1142번길 23-17,,어린이보호,1,200.0,360도전방면,30.0,2011-03,031-228-3304,37.2502131,127.0163399,2020-07-31,3740000,경기도 수원시
7881,경기도 수원시,경기도 수원시 권선구 곡반정로19번길 41,경기도 수원시 권선구 곡반정동 604-4,어린이보호,5,200.0,360도전방면,30.0,2017-01,031-228-3304,37.2337951,127.0246422,2020-07-31,3740000,경기도 수원시
7882,경기도 수원시,경기도 수원시 권선구 곡반정로19번길 15-5,경기도 수원시 권선구 곡반정동 608-1,어린이보호,4,200.0,360도전방면,30.0,2017-01,031-228-3304,37.2326869,127.0238643,2020-07-31,3740000,경기도 수원시
7884,경기도 수원시,경기도 수원시 권선구 효탑로 24-21,경기도 수원시 권선구 탑동 869-8,어린이보호,1,200.0,360도전방면,30.0,2011-03,031-228-3304,37.2669069,126.9758134,2020-07-31,3740000,경기도 수원시
7885,경기도 수원시,경기도 수원시 영통구 권광로 304번길 50,,어린이보호,1,200.0,360도전방면,30.0,2011-03,031-228-3304,37.2738242,127.0394464,2020-07-31,3740000,경기도 수원시
7886,경기도 수원시,경기도 수원시 영통구 중부대로 246번길 36-16,,어린이보호,1,200.0,360도전방면,30.0,2011-03,031-228-3304,37.2736525,127.0410811,2020-07-31,3740000,경기도 수원시
7887,경기도 수원시,경기도 수원시 권선구 서호동로14번길 52-3,경기도 수원시 권선구 서둔동 27-48,어린이보호,1,200.0,360도전방면,30.0,2011-03,031-228-3304,37.2656298,126.9895114,2020-07-31,3740000,경기도 수원시
7888,경기도 수원시,경기도 수원시 장안구 광교산로140번길 8,,어린이보호,1,200.0,360도전방면,30.0,2011-03,031-228-3304,37.2991543,127.0313042,2020-07-31,3740000,경기도 수원시
7889,경기도 수원시,경기도 수원시 장안구 광교산로138번길 45,경기도 수원시 장안구 연무동 61-251,어린이보호,1,200.0,360도전방면,30.0,2011-03,031-228-3304,37.2983434,127.0310332,2020-07-31,3740000,경기도 수원시
7890,경기도 수원시,경기도 수원시 장안구 수일로 185,,어린이보호,1,200.0,360도전방면,30.0,2017-05,031-228-3304,37.3081227,127.0100898,2020-07-31,3740000,경기도 수원시
7891,경기도 수원시,경기도 수원시 장안구 수일로 185,,어린이보호,1,200.0,360도전방면,30.0,2011-03,031-228-3304,37.3081227,127.0100898,2020-07-31,3740000,경기도 수원시
7892,경기도 수원시,경기도 수원시 장안구 경수대로 838,,어린이보호,1,200.0,360도전방면,30.0,2011-03,031-228-3304,37.2959854,127.0154458,2020-07-31,3740000,경기도 수원시
7893,경기도 수원시,경기도 수원시 장안구 경수대로 838,,어린이보호,1,200.0,360도전방면,30.0,2011-03,031-228-3304,37.2971477,127.0156716,2020-07-31,3740000,경기도 수원시
7895,경기도 수원시,경기도 수원시 장안구 송정로 41,경기도 수원시 장안구 송죽동 409-22,어린이보호,1,200.0,360도전방면,30.0,2011-03,031-228-3304,37.2974007,127.0012014,2020-07-31,3740000,경기도 수원시
7896,경기도 수원시,경기도 수원시 영통구 산남로21번길 12,,생활방범,4,130.0,360도전방면,30.0,2012-02,031-228-3304,37.265685,127.0479202,2020-07-31,3740000,경기도 수원시
7897,경기도 수원시,경기도 수원시 영통구 매여울로40번길 80-20,,생활방범,4,130.0,360도전방면,30.0,2012-02,031-228-3304,37.2719018,127.0488597,2020-07-31,3740000,경기도 수원시
7898,경기도 수원시,경기도 수원시 영통구 매여울로57번길 24,,생활방범,5,130.0,360도전방면,30.0,2012-02,031-228-3304,37.2733725,127.0430879,2020-07-31,3740000,경기도 수원시
7899,경기도 수원시,경기도 수원시 영통구 영통로89번길 72,경기도 수원시 영통구 망포동 599-4,생활방범,4,130.0,360도전방면,30.0,2012-02,031-228-3304,37.2354071,127.055723,2020-07-31,3740000,경기도 수원시
7900,경기도 수원시,경기도 수원시 장안구 금당로10번길 40,,생활방범,1,200.0,360도전방면,30.0,2012-02,031-228-3304,37.3027071,127.0148379,2020-07-31,3740000,경기도 수원시
7902,경기도 수원시,경기도 수원시 장안구 만석로103번길 44,,생활방범,1,200.0,360도전방면,30.0,2012-02,031-228-3304,37.300761,126.9916143,2020-07-31,3740000,경기도 수원시
7903,경기도 수원시,경기도 수원시 장안구 정자천로188번길 71-21,,생활방범,1,200.0,360도전방면,30.0,2012-02,031-228-3304,37.2940398,126.9986414,2020-07-31,3740000,경기도 수원시
7904,경기도 수원시,경기도 수원시 장안구 덕영대로395번길 12,경기도 수원시 장안구 율전동 182-2,생활방범,1,200.0,360도전방면,30.0,2012-02,031-228-3304,37.301819,126.9660332,2020-07-31,3740000,경기도 수원시
7905,경기도 수원시,경기도 수원시 장안구 화산로233번길 38,경기도 수원시 장안구 율전동 402-5,생활방범,1,200.0,360도전방면,30.0,2012-02,031-228-3304,37.2980089,126.9703435,2020-07-31,3740000,경기도 수원시
7906,경기도 수원시,경기도 수원시 팔달구 팔달문로 65,경기도 수원시 팔달구 지동 280-16,생활방범,5,200.0,360도전방면,30.0,2017-09,031-228-3304,37.2797658,127.0236744,2020-07-31,3740000,경기도 수원시
7907,경기도 수원시,경기도 수원시 팔달구 신풍로 25,경기도 수원시 팔달구 신풍동 221-14,생활방범,5,200.0,360도전방면,30.0,2017-01,031-228-3304,37.2831549,127.0149814,2020-07-31,3740000,경기도 수원시
7908,경기도 수원시,경기도 수원시 팔달구 수원천로 127,경기도 수원시 팔달구 매교동 113-17,생활방범,3,130.0,360도전방면,30.0,2018-12,031-228-3304,37.2661256,127.0139753,2020-07-31,3740000,경기도 수원시
7909,경기도 수원시,경기도 수원시 팔달구 고화로72번길 9-20,경기도 수원시 팔달구 고등동 14-5,생활방범,4,130.0,360도전방면,30.0,2012-02,031-228-3304,37.2764067,127.0071101,2020-07-31,3740000,경기도 수원시
7910,경기도 수원시,경기도 수원시 장안구 덕영대로417번길 98,경기도 수원시 장안구 율전동 142-22,어린이보호,1,200.0,360도전방면,30.0,2011-03,031-228-3304,37.304451,126.9693932,2020-07-31,3740000,경기도 수원시
7911,경기도 수원시,경기도 수원시 장안구 금당로 53,,어린이보호,1,200.0,360도전방면,30.0,2011-03,031-228-3304,37.3029592,127.0168682,2020-07-31,3740000,경기도 수원시
7912,경기도 수원시,경기도 수원시 장안구 금당로39번길 6,,어린이보호,1,200.0,360도전방면,30.0,2011-03,031-228-3304,37.3030945,127.0160561,2020-07-31,3740000,경기도 수원시
7913,경기도 수원시,경기도 수원시 장안구 금당로 19,,어린이보호,1,200.0,360도전방면,30.0,2011-03,031-228-3304,37.3035093,127.0125257,2020-07-31,3740000,경기도 수원시
7914,경기도 수원시,경기도 수원시 장안구 금당로 19,,어린이보호,4,200.0,360도전방면,30.0,2011-03,031-228-3304,37.3054821,127.0163047,2020-07-31,3740000,경기도 수원시
7915,경기도 수원시,경기도 수원시 팔달구 장다리로245번길 7,경기도 수원시 팔달구 인계동 968-1,어린이보호,5,200.0,360도전방면,30.0,2017-06,031-228-3304,37.2716291,127.0261977,2020-07-31,3740000,경기도 수원시
7916,경기도 수원시,경기도 수원시 팔달구 세지로234번길 23,경기도 수원시 팔달구 인계동 822-20,어린이보호,4,200.0,360도전방면,30.0,2018-06,031-228-3304,37.2720437,127.0252508,2020-07-31,3740000,경기도 수원시
7920,경기도 수원시,경기도 수원시 권선구 덕영대로1217번길 36,,어린이보호,1,200.0,360도전방면,30.0,2011-03,031-228-3304,37.2507617905,127.0252218,2020-07-31,3740000,경기도 수원시
7922,경기도 수원시,경기도 수원시 권선구 서수원로 607,경기도 수원시 권선구 금곡동 1006,어린이보호,1,200.0,360도전방면,30.0,2011-03,031-228-3304,37.2795141,126.9534829,2020-07-31,3740000,경기도 수원시
7923,경기도 수원시,경기도 수원시 권선구 여기산로 24,경기도 수원시 권선구 서둔동 260-99,어린이보호,4,200.0,360도전방면,30.0,2017-08,031-228-3304,37.2795669,126.9787067,2020-07-31,3740000,경기도 수원시
7924,경기도 수원시,경기도 수원시 권선구 세권로 85,,어린이보호,4,200.0,360도전방면,30.0,2011-03,031-228-3304,37.2582956,127.0138389,2020-07-31,3740000,경기도 수원시
7925,경기도 수원시,경기도 수원시 권선구 세지로126번길 15-1,,어린이보호,1,200.0,360도전방면,30.0,2011-03,031-228-3304,37.2626558,127.0206147,2020-07-31,3740000,경기도 수원시
7926,경기도 수원시,경기도 수원시 권선구 세지로140번길 41,,어린이보호,1,200.0,360도전방면,30.0,2011-03,031-228-3304,37.2635205,127.0226441,2020-07-31,3740000,경기도 수원시
7927,경기도 수원시,경기도 수원시 권선구 당진로14번길 3,경기도 수원시 권선구 당수동 232-7,어린이보호,1,200.0,360도전방면,30.0,2011-03,031-228-3304,37.2904014,126.940676,2020-07-31,3740000,경기도 수원시
7928,경기도 수원시,경기도 수원시 권선구 당진로14번길 23,경기도 수원시 권선구 당수동 219-1,어린이보호,1,200.0,360도전방면,30.0,2011-03,031-228-3304,37.2903209,126.9417926,2020-07-31,3740000,경기도 수원시
7930,경기도 수원시,경기도 수원시 권선구 세권로195번길 20-23,,어린이보호,1,200.0,360도전방면,30.0,2011-03,031-228-3304,37.2558789,127.0271961,2020-07-31,3740000,경기도 수원시
7931,경기도 수원시,경기도 수원시 권선구 탑동로58번길 6-2,경기도 수원시 권선구 탑동 766-1,어린이보호,1,200.0,360도전방면,30.0,2011-03,031-228-3304,37.2738984,126.9740633,2020-07-31,3740000,경기도 수원시
7932,경기도 수원시,경기도 수원시 권선구 매실로 70,경기도 수원시 권선구 호매실동 377-1,어린이보호,1,200.0,360도전방면,30.0,2011-03,031-228-3304,37.2677392,126.9573125,2020-07-31,3740000,경기도 수원시
7933,경기도 수원시,경기도 수원시 권선구 매실로42번길 7,경기도 수원시 권선구 호매실동 388-1,어린이보호,4,200.0,360도전방면,30.0,2011-03,031-228-3304,37.2669546,126.9556445,2020-07-31,3740000,경기도 수원시
7934,경기도 수원시,경기도 수원시 권선구 권중로25번길 24,,어린이보호,1,200.0,360도전방면,30.0,2011-03,031-228-3304,37.2546879,127.0339138,2020-07-31,3740000,경기도 수원시
7935,경기도 수원시,경기도 수원시 영통구 동수원로 290,경기도 수원시 영통구 매탄동 1181-7,어린이보호,4,200.0,360도전방면,30.0,2011-03,031-228-3304,37.2551558,127.0363939,2020-07-31,3740000,경기도 수원시
7936,경기도 수원시,경기도 수원시 권선구 매송고색로 687,경기도 수원시 권선구 고색동 386-10,어린이보호,1,200.0,360도전방면,30.0,2011-03,031-228-3304,37.250599,126.9795388,2020-07-31,3740000,경기도 수원시
7937,경기도 수원시,경기도 수원시 권선구 매송고색로 681,경기도 수원시 권선구 고색동 389-5,어린이보호,1,200.0,360도전방면,30.0,2011-03,031-228-3304,37.2501842,126.9779271,2020-07-31,3740000,경기도 수원시
7939,경기도 수원시,경기도 수원시 권선구 금호로 56,경기도 수원시 권선구 호매실동 82-10,어린이보호,1,200.0,360도전방면,30.0,2011-03,031-228-3304,37.2695144,126.9578188,2020-07-31,3740000,경기도 수원시
7940,경기도 수원시,경기도 수원시 권선구 경수대로225번길 24-32,,어린이보호,1,200.0,360도전방면,30.0,2011-03,031-228-3304,37.2486544,127.0162044,2020-07-31,3740000,경기도 수원시
7941,경기도 수원시,경기도 수원시 영통구 매탄로196번길 28,경기도 수원시 영통구 매탄동 207-55,생활방범,1,200.0,360도전방면,30.0,2016-07,031-228-3304,37.2668476,127.0473009,2020-07-31,3740000,경기도 수원시
7942,경기도 수원시,경기도 수원시 영통구 매탄로196번길 18,경기도 수원시 영통구 매탄동 207-50,생활방범,2,200.0,360도전방면,30.0,2016-07,031-228-3304,37.2670731,127.0466133,2020-07-31,3740000,경기도 수원시
7943,경기도 수원시,경기도 수원시 영통구 매탄로196번길 23-16,경기도 수원시 영통구 매탄동 207-21,생활방범,1,200.0,360도전방면,30.0,2016-07,031-228-3304,37.2676584,127.0475043,2020-07-31,3740000,경기도 수원시
7944,경기도 수원시,경기도 수원시 영통구 매탄로196번길 7-20,경기도 수원시 영통구 매탄동 207-22,생활방범,1,200.0,360도전방면,30.0,2016-07,031-228-3304,37.2675953,127.0476395,2020-07-31,3740000,경기도 수원시
7946,경기도 수원시,경기도 수원시 권선구 권광로 56번길 24,경기도 수원시 권선구 권선동 1333,생활방범,3,130.0,360도전방면,30.0,2018-12,031-228-3304,37.2519864,127.027533,2020-07-31,3740000,경기도 수원시
7947,경기도 수원시,경기도 수원시 영통구 산남로 79,,어린이보호,1,200.0,360도전방면,30.0,2011-03,031-228-3304,37.2699014,127.0489713,2020-07-31,3740000,경기도 수원시
7948,경기도 수원시,경기도 수원시 영통구 산남로80번길 23-20,,어린이보호,1,200.0,360도전방면,30.0,2011-03,031-228-3304,37.2704863,127.0509446,2020-07-31,3740000,경기도 수원시
7949,경기도 수원시,경기도 수원시 영통구 인계로189번길 83,,어린이보호,1,200.0,360도전방면,30.0,2011-03,031-228-3304,37.2683461,127.0391731,2020-07-31,3740000,경기도 수원시
7950,경기도 수원시,경기도 수원시 영통구 인계로189번길 83,,어린이보호,1,200.0,360도전방면,30.0,2011-03,031-228-3304,37.2683461,127.0391731,2020-07-31,3740000,경기도 수원시
7951,경기도 수원시,경기도 수원시 영통구 덕영대로1673번길 28,경기도 수원시 영통구 영통동 990-5,어린이보호,1,200.0,360도전방면,30.0,2011-03,031-228-3304,37.2487146,127.0743297,2020-07-31,3740000,경기도 수원시
7953,경기도 수원시,경기도 수원시 팔달구 팔달로110번길 38,경기도 수원시 팔달구 고등동 8-4,어린이보호,4,200.0,360도전방면,30.0,2018-06,031-228-3304,37.2781548,127.0057572,2020-07-31,3740000,경기도 수원시
7954,경기도 수원시,경기도 수원시 팔달구 동말로 96-8,경기도 수원시 팔달구 고등동 6-7,어린이보호,5,200.0,360도전방면,30.0,2018-06,031-228-3304,37.278317,127.0044492,2020-07-31,3740000,경기도 수원시
7955,경기도 수원시,경기도 수원시 팔달구 팔달로127번길 82,,어린이보호,4,200.0,360도전방면,30.0,2018-06,031-228-3304,37.2802361,126.9996683,2020-07-31,3740000,경기도 수원시
7956,경기도 수원시,경기도 수원시 팔달구 팔달로127번길 55-1,,어린이보호,4,200.0,360도전방면,30.0,2018-06,031-228-3304,37.2800379,127.0012018,2020-07-31,3740000,경기도 수원시
7957,경기도 수원시,경기도 수원시 팔달구 덕영대로735번길 65,,어린이보호,3,200.0,360도전방면,30.0,2018-06,031-228-3304,37.2837049,126.9948419,2020-07-31,3740000,경기도 수원시
7958,경기도 수원시,경기도 수원시 팔달구 화양로 56,,어린이보호,4,200.0,360도전방면,30.0,2018-06,031-228-3304,37.282849,126.9962853,2020-07-31,3740000,경기도 수원시
7959,경기도 수원시,경기도 수원시 팔달구 수성로258번길 70,,어린이보호,2,200.0,360도전방면,30.0,2018-06,031-228-3304,37.2869308,127.0031187,2020-07-31,3740000,경기도 수원시
7961,경기도 수원시,경기도 수원시 팔달구 덕영대로697번길 16,,어린이보호,4,200.0,360도전방면,30.0,2018-06,031-228-3304,37.2844884,126.9911206,2020-07-31,3740000,경기도 수원시
7963,경기도 수원시,경기도 수원시 팔달구 권광로367번길 29,,어린이보호,4,200.0,360도전방면,30.0,2018-06,031-228-3304,37.2787629,127.0358067,2020-07-31,3740000,경기도 수원시
7964,경기도 수원시,경기도 수원시 팔달구 권광로 367,,어린이보호,4,200.0,360도전방면,30.0,2018-06,031-228-3304,37.2796006,127.0369459,2020-07-31,3740000,경기도 수원시
7965,경기도 수원시,경기도 수원시 팔달구 권광로 260,경기도 수원시 팔달구 인계동 361-2,어린이보호,4,200.0,360도전방면,30.0,2018-06,031-228-3304,37.2704015,127.0354987,2020-07-31,3740000,경기도 수원시
7967,경기도 수원시,경기도 수원시 장안구 율전로 113,경기도 수원시 장안구 율전동 303-1,어린이보호,1,200.0,360도전방면,30.0,2011-03,031-228-3304,37.3000361,126.9696997,2020-07-31,3740000,경기도 수원시
7968,경기도 수원시,경기도 수원시 장안구 율전로 113,경기도 수원시 장안구 율전동 304-8,어린이보호,1,200.0,360도전방면,30.0,2011-03,031-228-3304,37.2989817,126.9691701,2020-07-31,3740000,경기도 수원시
7969,경기도 수원시,경기도 수원시 장안구 송원로41번길 34,경기도 수원시 장안구 송죽동 502,어린이보호,1,200.0,360도전방면,30.0,2011-03,031-228-3304,37.3004822,127.0062317,2020-07-31,3740000,경기도 수원시
7970,경기도 수원시,경기도 수원시 장안구 정조로1060번길 26,경기도 수원시 장안구 송죽동 501-20,어린이보호,1,200.0,360도전방면,30.0,2011-03,031-228-3304,37.3012931,127.0063671,2020-07-31,3740000,경기도 수원시
7971,경기도 수원시,경기도 수원시 장안구 덕영대로417번길 98,경기도 수원시 장안구 율전동 148-1,어린이보호,1,200.0,360도전방면,30.0,2011-03,031-228-3304,37.303595,126.9694838,2020-07-31,3740000,경기도 수원시
9981,경기도 수원시,경기도 수원시 영통구 영통로 438,,어린이보호,1,200.0,360도전방면,30.0,2010-08,031-228-3304,37.2587706,127.0735839,2020-07-31,3740000,경기도 수원시
9982,경기도 수원시,경기도 수원시 영통구 영통로 319,경기도 수원시 영통구 영통동 963-5,어린이보호,1,200.0,360도전방면,30.0,2010-08,031-228-3304,37.2550727,127.0639992,2020-07-31,3740000,경기도 수원시
9983,경기도 수원시,경기도 수원시 영통구 영통로 328,경기도 수원시 영통구 영통동 963-7,어린이보호,1,200.0,360도전방면,30.0,2010-08,031-228-3304,37.2544333,127.0644361925,2020-07-31,3740000,경기도 수원시
9984,경기도 수원시,경기도 수원시 영통구 영통로 266,,어린이보호,1,200.0,360도전방면,30.0,2010-08,031-228-3304,37.2499118,127.060005,2020-07-31,3740000,경기도 수원시
9985,경기도 수원시,경기도 수원시 영통구 덕영대로1555번길 59,,어린이보호,1,200.0,360도전방면,30.0,2010-08,031-228-3304,37.2487938,127.0613905,2020-07-31,3740000,경기도 수원시
9986,경기도 수원시,경기도 수원시 영통구 중부대로448번길 57,경기도 수원시 영통구 원천동 235-7,어린이보호,1,200.0,360도전방면,30.0,2010-08,031-228-3304,37.267373,127.0614725,2020-07-31,3740000,경기도 수원시
9987,경기도 수원시,경기도 수원시 영통구 매영로 132,경기도 수원시 영통구 매탄동 1230-4,어린이보호,3,200.0,360도전방면,30.0,2017-12,031-228-3304,37.2665731,127.057278,2020-07-31,3740000,경기도 수원시
11971,경기도 수원시,경기도 수원시 영통구 청명로 65,경기도 수원시 영통구 영통동 1045-7,어린이보호,1,200.0,360도전방면,30.0,2010-08,031-228-3304,37.2530453,127.0796653,2020-07-31,3740000,경기도 수원시
11972,경기도 수원시,경기도 수원시 영통구 영통로 451,,어린이보호,1,200.0,360도전방면,30.0,2010-08,031-228-3304,37.2602386,127.0747238,2020-07-31,3740000,경기도 수원시
11973,경기도 수원시,경기도 수원시 영통구 영통로 445,,어린이보호,1,200.0,360도전방면,30.0,2010-08,031-228-3304,37.2599328,127.073833,2020-07-31,3740000,경기도 수원시
13885,경기도 수원시,경기도 수원시 장안구 송정로 45,경기도 수원시 장안구 송죽동 402-6,어린이보호,1,200.0,360도전방면,30.0,2010-08,031-228-3304,37.2962023,127.0018669,2020-07-31,3740000,경기도 수원시
13886,경기도 수원시,경기도 수원시 장안구 대평로52번길 21,,어린이보호,1,200.0,360도전방면,30.0,2010-08,031-228-3304,37.2939045,126.9949197,2020-07-31,3740000,경기도 수원시
13887,경기도 수원시,경기도 수원시 장안구 대평로52번길 21,,어린이보호,1,200.0,360도전방면,30.0,2010-08,031-228-3304,37.2937333,126.9959799,2020-07-31,3740000,경기도 수원시
13888,경기도 수원시,경기도 수원시 장안구 천천로21번길 11,,어린이보호,1,200.0,360도전방면,30.0,2010-08,031-228-3304,37.2931198,126.9868111,2020-07-31,3740000,경기도 수원시
13889,경기도 수원시,경기도 수원시 장안구 천천로21번길 11,,어린이보호,1,200.0,360도전방면,30.0,2010-08,031-228-3304,37.2931198,126.9868111,2020-07-31,3740000,경기도 수원시
13890,경기도 수원시,경기도 수원시 장안구 수일로 150,,어린이보호,1,200.0,360도전방면,30.0,2010-08,031-228-3304,37.3068704,127.0078676,2020-07-31,3740000,경기도 수원시
13891,경기도 수원시,경기도 수원시 장안구 팔달로 241,경기도 수원시 장안구 영화동 435-6,차량방범,1,700.0,360도전방면,30.0,2017-05,031-228-3304,37.2880117,127.0115314,2020-07-31,3740000,경기도 수원시
13896,경기도 수원시,경기도 수원시 영통구 청명북로 66,경기도 수원시 영통구 영통동 195-25,생활방범,1,200.0,360도전방면,30.0,2019-05,031-228-3304,37.2570992,127.0807741,2020-07-31,3740000,경기도 수원시
13900,경기도 수원시,경기도 수원시 권선구 권선로766번길 9,경기도 수원시 권선구 권선동 1167-13,생활방범,2,130.0,360도전방면,30.0,2017-05,031-228-3304,37.2564087,127.0345909,2020-07-31,3740000,경기도 수원시
13901,경기도 수원시,경기도 수원시 영통구 봉영로1492번길 14,경기도 수원시 영통구 영통동 984-12,생활방범,4,130.0,360도전방면,30.0,2011-08,031-228-3304,37.2457094,127.0669445,2020-07-31,3740000,경기도 수원시
13902,경기도 수원시,경기도 수원시 영통구 인계로292번길 42-3,경기도 수원시 영통구 매탄동 1257-6,생활방범,4,130.0,360도전방면,30.0,2011-08,031-228-3304,37.2611527,127.0482783,2020-07-31,3740000,경기도 수원시
13903,경기도 수원시,경기도 수원시 권선구 세지로12번길 45,경기도 수원시 권선구 세류동 1106,생활방범,1,200.0,360도전방면,30.0,2017-01,031-228-3304,37.2526818,127.0173661,2020-07-31,3740000,경기도 수원시
13904,경기도 수원시,경기도 수원시 장안구 광교산로 172,,생활방범,1,130.0,360도전방면,30.0,2011-08,031-228-3304,37.3023167,127.0321626,2020-07-31,3740000,경기도 수원시
13906,경기도 수원시,경기도 수원시 장안구 정조로1051번길 29,경기도 수원시 장안구 송죽동 386-1,생활방범,1,130.0,360도전방면,30.0,2011-08,031-228-3304,37.2984819,127.0044722,2020-07-31,3740000,경기도 수원시
13907,경기도 수원시,경기도 수원시 장안구 수일로104번길 28,경기도 수원시 장안구 파장동 630,생활방범,5,200.0,360도전방면,30.0,2017-08,031-228-3304,37.308258,127.0010546,2020-07-31,3740000,경기도 수원시
13909,경기도 수원시,경기도 수원시 팔달구 수성로157번길 41-13,경기도 수원시 팔달구 화서동 683-8,생활방범,1,130.0,360도전방면,30.0,2011-08,031-228-3304,37.2876778,126.9884474,2020-07-31,3740000,경기도 수원시
13910,경기도 수원시,경기도 수원시 장안구 연무로 42-1,경기도 수원시 장안구 연무동 230-32,생활방범,1,130.0,360도전방면,30.0,2011-08,031-228-3304,37.2950646,127.0269155,2020-07-31,3740000,경기도 수원시
13911,경기도 수원시,경기도 수원시 장안구 덕영대로381번길 18,경기도 수원시 장안구 율전동 181-1,생활방범,1,200.0,360도전방면,30.0,2011-08,031-228-3304,37.3022871,126.964781,2020-07-31,3740000,경기도 수원시
13912,경기도 수원시,경기도 수원시 팔달구 팔달문로 23,경기도 수원시 팔달구 지동 402-5,생활방범,1,200.0,360도전방면,30.0,2017-01,031-228-3304,37.2777391,127.0198628,2020-07-31,3740000,경기도 수원시
24445,경기도혈액원,경기도 수원시 팔달구 아주로 9 용성빌딩 2층,경기도 수원시 팔달구 우만2동 578-1 용성빌딩 2층,생활방범,2,200.0,,30.0,2015-12,031-214-8550,37.275741,127.043703,2017-04-19,B460004,대한적십자사
28252,경기도 수원시,경기도 수원시 장안구 송정로60번길 10-23,,생활방범,1,130.0,360도전방면,30.0,2011-09,031-228-3304,37.2952923,127.0028368,2020-07-31,3740000,경기도 수원시
28722,경기도 수원시,경기도 수원시 권선구 권선로669번길 24-23,,생활방범,1,130.0,360도전방면,30.0,2011-09,031-228-3304,37.2612669,127.027784,2020-07-31,3740000,경기도 수원시
29115,경기도 수원시,경기도 수원시 영통구 봉영로1744번길 11,,생활방범,1,130.0,360도전방면,30.0,2011-09,031-228-3304,37.2652422,127.0842435,2020-07-31,3740000,경기도 수원시
29395,수원도시공사,경기도 수원시 영통구 광교호수로 278-1(하동) 수원시자원순환센터,,다목적,25,500.0,,30.0,2016-03,031-888-7935,37.289239,127.086281,2020-12-10,B553891,수원도시공사
31412,경기도 수원시,경기도 수원시 영통구 청명북로 42,,어린이보호,1,200.0,360도전방면,30.0,2010-08,031-228-3304,37.254459,127.0809969,2020-07-31,3740000,경기도 수원시
40697,경기도 수원시,경기도 수원시 영통구 매탄로 151,,어린이보호,3,200.0,360도전방면,30.0,2017-12,031-228-3304,37.2641547,127.0439736,2020-07-31,3740000,경기도 수원시
41487,수원도시공사 환승센터,경기도 수원시 권선구 세화로 136(수원역환승센터),,차량방범,15,,,,,031-8053-8517,37.2646981,126.9995302,2020-12-11,B553891,수원도시공사
41488,수원도시공사 환승센터,경기도 수원시 영통구 도청로 45 (광교환승센터),,다목적,60,,,,,031-211-6490,37.288508,127.051533,2020-12-11,B553891,수원도시공사
41489,수원도시공사 견인거주자팀,경기도 수원시 권선구 정조로 304,경기도 수원시 권선구 대황교동 253,시설물관리,16,,견인보관소내,20.0,2020-12,031-238-0560,37.237136,127.018602,2020-12-11,B553891,수원도시공사
45373,수원도시공사 환승센터,경기도 수원시 팔달구 덕영대로 지하 907-65,경기도 수원시 팔달구 매산로1가 2-56,시설물관리,20,,,,,031-207-7697,37.267819,127.001103,2020-12-11,B553891,수원도시공사
45374,수원도시공사 환승센터,경기도 수원시 권선구 세화로 136(수원역환승센터),,다목적,64,,,,,031-8053-8517,37.2653727,126.998983,2020-12-11,B553891,수원도시공사
48529,경기도 수원시,경기도 수원시 장안구 덕영대로381번길 78,경기도 수원시 장안구 율전동 167-16,생활방범,5,130.0,360도전방면,30.0,2011-01,031-228-3304,37.3022069,126.967646,2020-07-31,3740000,경기도 수원시
48530,경기도 수원시,경기도 수원시 장안구 덕영대로439번길 23,경기도 수원시 장안구 율전동 211,생활방범,5,130.0,360도전방면,30.0,2011-01,031-228-3304,37.3017574,126.9710637,2020-07-31,3740000,경기도 수원시
48531,경기도 수원시,경기도 수원시 장안구 영화로85번길 12-4,경기도 수원시 장안구 정자동 51-50,생활방범,5,130.0,360도전방면,30.0,2011-01,031-228-3304,37.2938146,127.0052503,2020-07-31,3740000,경기도 수원시
48532,경기도 수원시,경기도 수원시 장안구 장안로287번길 19-2,경기도 수원시 장안구 정자동 533-18,생활방범,5,130.0,360도전방면,30.0,2011-01,031-228-3304,37.3063741,126.9893913,2020-07-31,3740000,경기도 수원시
48533,경기도 수원시,경기도 수원시 팔달구 창룡대로150번길 60,경기도 수원시 팔달구 우만동 476,생활방범,1,130.0,360도전방면,30.0,2011-01,031-228-3304,37.2887932,127.0283118,2020-07-31,3740000,경기도 수원시
48536,경기도 수원시,경기도 수원시 장안구 정조로981번길 13,경기도 수원시 장안구 정자동 6-1,생활방범,5,130.0,360도전방면,30.0,2017-05,031-228-3304,37.2940397,127.0092314,2020-07-31,3740000,경기도 수원시
48537,경기도 수원시,경기도 수원시 권선구 당수로119번길 65-3,경기도 수원시 권선구 당수동 454,생활방범,5,200.0,360도전방면,30.0,2017-05,031-228-3304,37.2828219,126.9372092,2020-07-31,3740000,경기도 수원시
48538,경기도 수원시,경기도 수원시 권선구 구운로4번길 34,경기도 수원시 권선구 구운동 464,생활방범,5,130.0,360도전방면,30.0,2017-05,031-228-3304,37.2809272,126.9772292,2020-07-31,3740000,경기도 수원시
48539,경기도 수원시,경기도 수원시 권선구 세화로151번길 75,경기도 수원시 권선구 서둔동 30-10,생활방범,4,130.0,360도전방면,30.0,2017-05,031-228-3304,37.2637378,126.9911570229,2020-07-31,3740000,경기도 수원시
48540,경기도 수원시,경기도 수원시 권선구 덕영대로963번길 32,경기도 수원시 권선구 세류동 248-1,생활방범,5,130.0,360도전방면,30.0,2011-01,031-228-3304,37.2627112,127.0046744,2020-07-31,3740000,경기도 수원시
48541,경기도 수원시,경기도 수원시 권선구 세지로125번길 6-1,경기도 수원시 권선구 세류동 817-14,생활방범,5,130.0,360도전방면,30.0,2011-01,031-228-3304,37.2629623,127.0194198,2020-07-31,3740000,경기도 수원시
48542,경기도 수원시,경기도 수원시 권선구 삼천병마로1598번길 28-27,경기도 수원시 권선구 오목천동 314-27,생활방범,5,130.0,360도전방면,30.0,2011-01,031-228-3304,37.2459643,126.9660379,2020-07-31,3740000,경기도 수원시
48543,경기도 수원시,경기도 수원시 권선구 노림로 10-3,경기도 수원시 권선구 호매실동 405-3,생활방범,5,130.0,360도전방면,30.0,2017-02,031-228-3304,37.2668461,126.9545961,2020-07-31,3740000,경기도 수원시
48544,경기도 수원시,경기도 수원시 팔달구 매산로96번길 17,경기도 수원시 팔달구 교동 187,생활방범,2,130.0,360도전방면,30.0,2011-01,031-228-3304,37.2697929,127.0120366,2020-07-31,3740000,경기도 수원시
48545,경기도 수원시,경기도 수원시 팔달구 고화로 83,경기도 수원시 팔달구 고등동 10-4,어린이보호,5,200.0,360도전방면,30.0,2018-06,031-228-3304,37.2767401,127.0062307,2020-07-31,3740000,경기도 수원시
48546,경기도 수원시,경기도 수원시 팔달구 정조로 898,경기도 수원시 팔달구 북수동 136-1,어린이보호,4,200.0,360도전방면,30.0,2018-06,031-228-3304,37.2879574,127.0149145,2020-07-31,3740000,경기도 수원시
48547,경기도 수원시,경기도 수원시 장안구 경수대로 792,경기도 수원시 장안구 영화동 107-8,어린이보호,4,200.0,360도전방면,30.0,2017-09,031-228-3304,37.2927323,127.0188624,2020-07-31,3740000,경기도 수원시
48551,경기도 수원시,경기도 수원시 권선구 오목천로 31,경기도 수원시 권선구 오목천동 431-1,어린이보호,3,200.0,360도전방면,30.0,2010-08,031-228-3304,37.2402426,126.9657589,2020-07-31,3740000,경기도 수원시
48552,경기도 수원시,경기도 수원시 권선구 율전로 9,경기도 수원시 권선구 입북동 243-11,어린이보호,3,200.0,360도전방면,30.0,2010-08,031-228-3304,37.2951495,126.9603749,2020-07-31,3740000,경기도 수원시
48553,경기도 수원시,경기도 수원시 권선구 덕영대로1323번길 26-14,경기도 수원시 권선구 권선동 1312-3,어린이보호,1,200.0,360도전방면,30.0,2010-08,031-228-3304,37.2474613,127.0351394,2020-07-31,3740000,경기도 수원시
48554,경기도 수원시,경기도 수원시 영통구 영통로 151,경기도 수원시 영통구 망포동 399-4,어린이보호,1,200.0,360도전방면,30.0,2010-08,031-228-3304,37.2408226,127.0551633,2020-07-31,3740000,경기도 수원시
48556,경기도 수원시,경기도 수원시 영통구 효원로358번길 16,,어린이보호,1,200.0,360도전방면,30.0,2010-08,031-228-3304,37.258822,127.0398111,2020-07-31,3740000,경기도 수원시
48558,경기도 수원시,경기도 수원시 영통구 매탄로126번길 27,,어린이보호,1,200.0,360도전방면,30.0,2010-08,031-228-3304,37.2621268,127.0457199,2020-07-31,3740000,경기도 수원시
48559,경기도 수원시,경기도 수원시 영통구 매탄로 139,,어린이보호,1,200.0,360도전방면,30.0,2010-08,031-228-3304,37.2638216,127.0430828,2020-07-31,3740000,경기도 수원시
48577,경기도 수원시,경기도 수원시 팔달구 고화로13번길 17,경기도 수원시 팔달구 매산로2가 2-2,생활방범,4,200.0,360도전방면,30.0,2010-06,031-228-3304,37.2701806,127.0069181,2020-07-31,3740000,경기도 수원시
48578,경기도 수원시,경기도 수원시 팔달구 효원로60번길 30,경기도 수원시 팔달구 매산로3가 94-1,생활방범,5,200.0,360도전방면,30.0,2010-06,031-228-3304,37.2676577,127.007617,2020-07-31,3740000,경기도 수원시
48579,경기도 수원시,경기도 수원시 권선구 세지로125번길 26-2,경기도 수원시 권선구 세류동 817-115,생활방범,5,200.0,360도전방면,30.0,2018-04,031-228-3304,37.2632958,127.0184504,2020-07-31,3740000,경기도 수원시
48580,경기도 수원시,경기도 수원시 권선구 동수원로146번길 226-17,경기도 수원시 권선구 곡반정동 542-1,생활방범,3,200.0,360도전방면,30.0,2018-04,031-228-3304,37.241047,127.0313612,2020-07-31,3740000,경기도 수원시
48581,경기도 수원시,경기도 수원시 권선구 동수원로82번길 7-17,경기도 수원시 권선구 곡반정동 565-4,생활방범,4,200.0,360도전방면,30.0,2018-04,031-228-3304,37.2386059,127.0280358,2020-07-31,3740000,경기도 수원시
48582,경기도 수원시,경기도 수원시 권선구 동수원로46번길 7-10,경기도 수원시 권선구 곡반정동 585-14,생활방범,4,130.0,360도전방면,30.0,2011-01,031-228-3304,37.2355159,127.025533,2020-07-31,3740000,경기도 수원시
48583,경기도 수원시,경기도 수원시 권선구 세권로165번길 24,경기도 수원시 권선구 권선동 1055-13,생활방범,4,130.0,360도전방면,30.0,2011-01,031-228-3304,37.2569879,127.023082,2020-07-31,3740000,경기도 수원시
48584,경기도 수원시,경기도 수원시 권선구 권중로12번길 11,경기도 수원시 권선구 권선동 1161,생활방범,4,130.0,360도전방면,30.0,2017-08,031-228-3304,37.2562922,127.0322236,2020-07-31,3740000,경기도 수원시
48585,경기도 수원시,경기도 수원시 권선구 경수대로 313,경기도 수원시 권선구 세류동 1079-1,생활방범,5,130.0,360도전방면,30.0,2011-01,031-228-3304,37.2548258,127.0207256,2020-07-31,3740000,경기도 수원시
48586,경기도 수원시,경기도 수원시 영통구 매탄로65번길 17,경기도 수원시 영통구 매탄동 1166-2,생활방범,5,130.0,360도전방면,30.0,2011-01,031-228-3304,37.2568215,127.0404978,2020-07-31,3740000,경기도 수원시
48587,경기도 수원시,경기도 수원시 영통구 매영로310번길 46,경기도 수원시 영통구 영통동 964-4,생활방범,5,130.0,360도전방면,30.0,2011-01,031-228-3304,37.2523779,127.0653609,2020-07-31,3740000,경기도 수원시
48588,경기도 수원시,경기도 수원시 영통구 월드컵로193번길 83,경기도 수원시 영통구 원천동 28-18,생활방범,4,130.0,360도전방면,30.0,2011-01,031-228-3304,37.2753181,127.0449493,2020-07-31,3740000,경기도 수원시
48589,경기도 수원시,경기도 수원시 장안구 경수대로973번길 24,경기도 수원시 장안구 송죽동 453-31,생활방범,5,130.0,360도전방면,30.0,2011-01,031-228-3304,37.3034015,127.0038068,2020-07-31,3740000,경기도 수원시
48590,경기도 수원시,경기도 수원시 장안구 영화로13번길 14,경기도 수원시 장안구 영화동 428-14,생활방범,5,130.0,360도전방면,30.0,2011-01,031-228-3304,37.2881970124,127.0091971,2020-07-31,3740000,경기도 수원시
48622,경기도 수원시,경기도 수원시 권선구 일월천로4번길 54,경기도 수원시 권선구 구운동 918-10,생활방범,4,200.0,360도전방면,30.0,2010-06,031-228-3304,37.2823774,126.9751426,2020-07-31,3740000,경기도 수원시
48653,경기도 수원시,경기도 수원시 권선구 매송고색로711번길 33,경기도 수원시 권선구 고색동 888-142,생활방범,5,200.0,360도전방면,30.0,2018-04,031-228-3304,37.2524374,126.9810374,2020-07-31,3740000,경기도 수원시
48655,경기도 수원시,경기도 수원시 권선구 수인로296번길 48,경기도 수원시 권선구 구운동 897-14,생활방범,4,200.0,360도전방면,30.0,2018-04,031-228-3304,37.2848184,126.9721421,2020-07-31,3740000,경기도 수원시
